公司名称,主营业务,公司地址,注册资本,公司简介,固定电话,法定代表人,经理手机,电子邮件,获取报价,邮政编码,法人名称,简称,主要经营产品,经营范围,营业执照号码,发证机关,经营状态,经营模式,成立时间,职员人数,公司官网,所属分类,类型
福建省中海石化有限公司, 汽油、柴油、石油天然气、成品油的运输、批发、零售：清洁能源、再生能源、新能源开发；化工产品（不含危险...,福建省莆田市城厢区荔园路北侧喜盈门建材家具广场1#1603,成立时间：2011-11-08,中海石化(福建)有限公司成立于2011年11月8日，注册资金1亿万。公司主要经营石油化工能源的批发及零售、艺术品的投资、房地产开发三大领域。公司旗下现在有员工1000多人，在福建，河南、湖南、安徽、浙江、四川、江西、重庆等地拥有独资、控股三十余座加油站。??公司秉承“诚信经营、客户至上”的经营理念，始终坚持用的服务打动客户，用真诚的品质留住客户，在中原地区逐步树立企业品牌。公司目前处于快速扩张期，下一步将向东南沿海等经济发达地区极积布局，力争成为全国性石化名企；在做好石化主营业务的同时适时向投资及房地产领域进军。我们相信，通过我们的不懈努力和追求，在公司实现跨越发展的同时，一定能实现与诸位客户的互利共赢。 ????????????????????????联系人：张先生/张建国电 ??话：13706068899??热线电话：400-9640988传真0594-6615999电话0594-6613999电话0594-6600066公司地址：福建省莆田市荔园北路喜盈门国际大厦1#1603????,-594,张先生,18322955555,3466695078@qq.com,让卖家联系我,351100,福建省中海石化有限公司,中海石化,汽油、柴油、石油天然气、成品油的运输、批发、零售：清洁能源、再生能源、新能源开发；化工产品（不含危险化学品）、电子产品、矿产品、工艺品、仿古家具、皮具、鞋服、钢材的批发、零售；生物技术研发；事业投资管理；企业资产管理（不含证券，期货、金融、保险）；房地产开发。,汽油、柴油、石油天然气、成品油的运输、批发、零售；清洁能源、再生能源、新能源开发；化工产品（不含危险化学品）、电子产品、矿产品、工艺品、仿古家具、皮具、鞋服、钢材、日用百货、办公用品的批发、零售；生物技术研发；实业投资管理；企业资产管理（不含证弧⑵诨酢⒔鹑凇⒈Ｏ眨。（依法须经批准的项目，经相关部门...,91350300585318988H,莆田市市场监督管理局,存续,销售,2011年11月8日,1人,http://www.fjzhsh.com/,天然原油和天然气开采,有限责任公司(自然人投资或控股)
新疆通奥油田技术服务有限公司, 石油专用管材、设备工具的加工、销售、修理及租赁服务；石油钻井设备、工具、原材料（除易然易爆）的销售、...,新疆巴州轮台县红桥石油服务区 - ,5100万 (万元),新疆通奥油田技术服务有限公司，办公室地址位于华夏第一州巴音郭楞，新疆巴州轮台县红桥石油服务区，我公司主要提供进出口贸易;石油专用管材、石油设备、井控装备、工具的检测、加工、销售、修理、防腐、涂层；石油钻井设备、工具、原材料的销售；石油钻井设备、工具租赁；检测服务；井下作业；油田技术服务*,0996-2252763 未核实，仅供参考,,,denghenghui@antonoil.com,让卖家联系我,841600,新疆通奥油田技术服务有限公司,通奥油田技术服务,石油专用管材、设备工具的加工、销售、修理及租赁服务；石油钻井设备、工具、原材料（除易然易爆）的销售、油田相关的配套技术服务。,进出口贸易;石油专用管材、石油设备、井控装备、工具的检测、加工、销售、修理、防腐、涂层；石油钻井设备、工具、原材料的销售；石油钻井设备、工具租赁；检测服务；井下作业；油田技术服务*,6.53E+14,巴音郭楞蒙古自治州市场监督管理局,存续,,2002年2月21日,5人,,天然原油和天然气开采,公司
中国石油天然气股份有限公司华北油田分公司, 手公司委托陆上石油 天然气勘查 生产销售;炼油 石油化工 化工产品的生产销售,河北省任丘市会战道 - ,成立时间：1999-12-28,"华北油田公司位于河北省任丘市，毗邻着名的“华北明珠”白洋淀，地处京、津、石、沧腹地，勘探开发领域分布在冀中、内蒙古中部、冀南-南华北和山西沁水盆地4大探区56个油气田，目前年原油生产能力450万吨，天然气生产能力5.5亿立方米。公司下属二级单位45个，机关处室18个，直属及附属单位25个，在职员工48000大探区56个油气田，目前年原油生产能力450万吨，天然气生产能力5.5亿立方米。公司下属二级单位45多人。华北油田的勘探开发建设始于上个世纪70年代。1975大探区56个油气田，目前年原油生产能力450万吨，天然气生产能力5.5亿立方米。公司下属二级单位45年7月任4井获得高产油流，宣告华北油田诞生。1976大探区56个油气田，目前年原油生产能力450万吨，天然气生产能力5.5亿立方米。公司下属二级单位45年1月成立华北石油会战指挥部，1999年10大探区56个油气田，目前年原油生产能力450万吨，天然气生产能力5.5亿立方米。公司下属二级单位45月重组分立为华北石油管理局和华北油田公司。2008年2月重组整合为华北油田公司。大探区56个油气田，目前年原油生产能力450万吨，天然气生产能力5.5亿立方米。公司下属二级单位4532年来，华北油田创造了一系列业绩，第一个确立了“古潜山”、“新生古储”概念新理论，实现了当年勘探、当年建设、当年开发、当年收回国家投资，建成了中国大碳酸盐岩高产大油田，曾连续10年稳产1000万吨以上，原油nt-family:'TimesNewRoman'\"">大探区56个油气田，目前年原油生产能力450万吨，天然气生产能力5.5亿立方米。公司下属二级单位451773万吨，为全国石油产量突破亿万吨大关做出了重大贡献。累计生产原油2.37亿吨，天然气89.67大探区56个油气田，目前年原油生产能力450万吨，天然气生产能力5.5亿立方米。公司下属二级单位45亿立方米，在中国石油油气田中名列第四。今后一个时期，华北油田公司将秉承“奉献能源、创造和谐”的企业宗旨，紧紧围绕科学发展、构建和谐主体，大力实施“持续、有效、稳定”发展战略，突出油气勘探开发和新能源领域工作，实现每年新增可采储量600万吨以上，每年新建产能60大探区56个油气田，目前年原油生产能力450万吨，天然气生产能力5.5亿立方米。公司下属二级单位45万吨以上，“十一五”末油气当量达到600万吨，到“十二五”提升至800万吨、逼近1000万吨，谱写二次创业、重铸的新篇章！\r\r公司地址：河北省任丘市东马路17号",0317-2725804 未核实，仅供参考,,,lzc_mtq@petrochina.com.cn,让卖家联系我,62552,中国石油天然气股份有限公司华北油田分公司,中国石油天然气,手公司委托陆上石油 天然气勘查 生产销售;炼油 石油化工 化工产品的生产销售,受公司委托陆上石油、天然气勘查、生产、销售；石油天然气管道运营；石油勘查、开采及相关工程的技术开发、咨询服务；房屋租赁；自有设备租赁（法律、法规、国务院决定或需审批的除外）。,91130000721634003D,任丘市市场监督管理局,存续,,1999年12月28日,19600人,http://www.petrochin,天然原油和天然气开采,股份有限公司分公司(上市、国有控股)
华北油田诚信工业有限公司, 机械加工，研制，工具制造,华油井下 - ,66(万元) (万元),华北油田诚信工业有限公司，办公室地址位于石油化工基地和北方重要陆海交通枢纽沧州，华油井下，我公司主要提供机械加工，研制，工具制造,0317-2739259 未核实，仅供参考,,,,让卖家联系我,62552,华北油田诚信工业有限公司,华北油田诚信工业,机械加工，研制，工具制造,未知,,,在业,,,,,天然原油和天然气开采,
大庆油田有限责任公司, 原油，开采,黑龙江省大庆市让胡路区龙南 - ,4 750 000万人民币 (万元),本公司长年受理婚礼、旅游用车！本公司长年受理婚礼、旅游用车！本公司长年受理婚礼、旅游用车！本公司长年受理婚礼、旅游用车！本公司长年受理婚礼、旅游用车！本公司长年受理婚礼、旅游用车！本公司长年受理婚礼、旅游用车！本公司长年受理婚礼、旅游用车！地址：大庆市东风新村,0459-5990801 未核实，仅供参考,,,hwangrf@petrochina.com.cn,让卖家联系我,163453,大庆油田有限责任公司,油田,原油，开采,石油天然气勘探、生产、技术研发、技术咨询服务及矿产品营销；盆地及周边相关矿产资源勘探、生产及矿产品营销；自营进出口、对外经济技术合作；石油钻采专用设备生产；射孔器材加工；储罐、管道物理清洗、维修及技术服务；油气计量技术开发和技术咨询服务；井下工具研发、生产、销售及维修；道路运输服务（见《道路运输经营...,91230607716675409L,大庆高新技术产业开发区市场监督管理局,存续,,2000年1月1日,106000人,,天然原油和天然气开采,有限责任公司（非自然人投资或控股的法人独资）
大庆油田有限责任公司第七采油厂, 原油，天然气，开采,庆葡村 - ,成立时间：1975-09-01,欢迎来到大庆油田有限责任公司第七采油厂，一家自1975年09月01日起就在中国第一大油田所在地大庆扎根的天然原油和天然气开采制造业企业。坐落于庆葡村，我们以原油，天然气，开采为核心业务，成立以来，油田已有49年的发展历程。我公司不仅积累了丰富的制造和设计经验，还建立了一个以质量和创新为驱动的企业文化。 带领着一支由和经验丰富的4600名工程师组成的团队，致力于将先进的制造技术和严格的质量控制标准应用到每一个产品之中。,(0459)4498667 未核实，仅供参考,,,,让卖家联系我,163517,大庆油田有限责任公司第七采油厂,油田,原油，天然气，开采,,,,在业,,1975年9月1日,4600人,,天然原油和天然气开采,
大庆油田有限责任公司采油工艺研究所, 采油，工艺，研究，技术，推广,西宾路９号 - ,1076(万元) (万元),大庆油田有限责任公司采油工艺研究所，办公室地址位于中国第一大油田所在地大庆，西宾路９号，我公司主要提供采油，工艺，研究，技术，推广,(0459)5973308 未核实，仅供参考,,,,让卖家联系我,163453,大庆油田有限责任公司采油工艺研究所,油田,采油，工艺，研究，技术，推广,未知,,,在业,,1971年8月20日,990人,,天然原油和天然气开采,
大庆油田创业金属防腐有限公司, 石油专用管材，民用建筑管材防腐产品，焊管异型管，生产,黑龙江省大庆市红岗区红卫村 - ,2 530万元 (万元),大庆油田创业金属防腐有限公司，办公室地址位于中国第一大油田所在地大庆，黑龙江省大庆市红岗区红卫村，我公司主要提供普通钢材和石油专用管材的制造、防腐加工、销售、维修服务；防腐保温工程服务；焊管异型管生产、销售；机械加工；金属表面处理及热处理加工；抽油杆加工、销售、维修服务；抽油泵的生产、销售；塑料颗粒的销售；石油钻采设备销售及维修服务；道路普通货物运输。,0459-4893315 未核实，仅供参考,,,ctzlhm@126.com,让卖家联系我,163412,大庆油田创业金属防腐有限公司,油田创业金属防腐,石油专用管材，民用建筑管材防腐产品，焊管异型管，生产,普通钢材和石油专用管材的制造、防腐加工、销售、维修服务；防腐保温工程服务；焊管异型管生产、销售；机械加工；金属表面处理及热处理加工；抽油杆加工、销售、维修服务；抽油泵的生产、销售；塑料颗粒的销售；石油钻采设备销售及维修服务；道路普通货物运输。,9123060573127622XE,大庆市红岗区市场监督管理局,存续,,2001年10月25日,90人,,天然原油和天然气开采,公司
中国石化胜利油田有限公司临盘采油厂, 油气开采，油水井测试，汽车修理，机械加工，建筑安装，货物运输,临盘镇 - ,成立时间：2000-11-23,欢迎来到中国石化胜利油田有限公司临盘采油厂，一家自2000年11月23日起就在山东省的北大门的德州扎根的天然原油和天然气开采制造业企业。坐落于临盘镇，我们以油气开采，油水井测试，汽车修理，机械加工，建筑安装，货物运输为核心业务，成立以来，中国石化胜利油田已有23年的发展历程。我公司不仅积累了丰富的制造和设计经验，还建立了一个以质量和创新为驱动的企业文化。 带领着一支由和经验丰富的5000名工程师组成的团队，致力于将先进的制造技术和严格的质量控制标准应用到每一个产品之中。,(0534)8861291 未核实，仅供参考,,,,让卖家联系我,251507,中国石化胜利油田有限公司临盘采油厂,中国石化胜利油田,油气开采，油水井测试，汽车修理，机械加工，建筑安装，货物运输,未知,,,在业,,2000年11月23日,5000人,,天然原油和天然气开采,
胜利油田华海石油科技有限责任公司, 石油技术开发、服务，钻井新技术产品推广；油田专用工具和仪表制造、销售；建材、办公自动化设备销售。,东城开发区沂州路中段 - ,100 (万元),胜利华海石油科技有限责任公司是一家集钻井工程技术研究、现场技术服务、定向井专用工具开发为一体的专业化公司。能承担定向井、水平井和各类特殊工艺井的工程设计、现场施工。自公司成立以来共施工水平井110余口、定向井220多口，部分井型的难度及技术指标已接近或超过国内外同行水平。目前公司已配套形成年完成各类定向井、水平井20多口的生产能力，固定资产达1850万元，公司共有职工65人，现场技术服务人员36人，其中包括6名具有14年施工经验的定向井、水平井工程师，8名具有5年以上工作经验的MWD及有线测量工程师，专职马达维修技术人员5名。我们愿以精良的仪器设备，的人员和成熟的定向井、水平井技术为用户提供、快速、的服务，使用户获得大的投资回报。近年来，公司面向国内外市场提供定向井技术服务，取得良好的声誉。已为国内外多家油田提供技术服务，如新疆塔里木、塔河、辽河、江汉、渤海、吉林、江苏、长庆、和大港及蒙古国等。不但将定向井技术应用于油气勘探生产，而且将此技术扩展到盐矿、煤矿及芒硝矿，为地方企业的发展提供了有力的支持。公司业务服务范围：公司主要承担定向井、水平井和各类特殊工艺井的工程设计、现场施工，各类定向井仪器的检测和维修。公司服务范围主要包括：定向井设计、施工；套管开窗侧钻井设计、施工；大位移延伸井设计、施工；大组丛式井设计、施工；水平探井设计、施工；一井双探水平井设计、施工；长裸眼水平井设计、施工；三维绕障水平井设计、施工；多目标水平井设计、施工；阶梯式水平井设计、施工；超深水平井设计、施工；连通水平井设计、施工；短半径水平井设计、施工；YST、ESS、YSS随钻单多点测量服务；??MWD无线随钻测量服务；包括提供：弯壳体马达、无磁钻铤、无磁加重钻杆、扶正器、套管开窗工具（段铣器、斜向器）在内的各种井下工具。,(0546)139546667568 未核实，仅供参考,,,,让卖家联系我,257091,胜利油田华海石油科技有限责任公司,胜利油田华海石油,石油技术开发、服务，钻井新技术产品推广；油田专用工具和仪表制造、销售；建材、办公自动化设备销售。,未知,,,在业,,2002年2月7日,5人,,天然原油和天然气开采,
中国石化胜利油田有限公司技术检测中心, 能源检测，计量测试研究，工程建设质量监督，环境评价，监测，研究，锅炉压力容器及劳动保护用品检验，各项...,北一路６２号 - ,1648(万元) (万元),中国石化胜利油田有限公司技术检测中心，办公室地址位于军事家孙武的故里东营，北一路６２号，我公司主要提供能源检测，计量测试研究，工程建设质量监督，环境评价，监测，研究，锅炉压力容器及劳动保护用品检验，各项标准信息咨询，油田用设备检测，安全教育培训，安全评价，油田产品质量检验。,(0546)8558652 未核实，仅供参考,,,,让卖家联系我,257000,中国石化胜利油田有限公司技术检测中心,中国石化胜利油田,能源检测，计量测试研究，工程建设质量监督，环境评价，监测，研究，锅炉压力容器及劳动保护用品检验，各项标准信息咨询，油田用设备检测，安全教育培训，安全评价，油田产品质量检验。,未知,,,在业,,1991年1月14日,484人,,天然原油和天然气开采,
胜利油田方圆科工贸有限责任公司化工分公司, 聚丙烯酰胺干粉，压井液，酸化液，磺化酚醛树脂生产销售，修井作业及技术服务,井下作业公司 - ,198(万元) (万元),胜利油田方圆科工贸有限责任公司化工分公司，办公室地址位于军事家孙武的故里东营，井下作业公司，我公司主要提供聚丙烯酰胺干粉，压井液，酸化液，磺化酚醛树脂生产销售，修井作业及技术服务,(0546)8747293 未核实，仅供参考,,,,让卖家联系我,257000,胜利油田方圆科工贸有限责任公司化工分公司,胜利油田方圆科工贸,聚丙烯酰胺干粉，压井液，酸化液，磺化酚醛树脂生产销售，修井作业及技术服务,未知,,,在业,,2001年4月23日,117人,,天然原油和天然气开采,
胜利油田东润科贸有限责任公司, 石油开采技术、油气技术服务；机电产品、低压电器、装饰材料、化工产品、劳保用品、油井用节能产品销售。,东营区济宁路东首 - ,60(万元) (万元),胜利油田东润科贸有限责任公司，办公室地址位于军事家孙武的故里东营，东营区济宁路东首，我公司主要提供石油开采技术、油气技术服务；机电产品、低压电器、装饰材料、化工产品、劳保用品、油井用节能产品销售。,(0546)8225707 未核实，仅供参考,,,,让卖家联系我,257068,胜利油田东润科贸有限责任公司,胜利油田东润科贸,石油开采技术、油气技术服务；机电产品、低压电器、装饰材料、化工产品、劳保用品、油井用节能产品销售。,未知,,,在业,,2002年11月11日,8人,,天然原油和天然气开采,
中国石化胜利油田有限公司采油工艺研究院, 油田开发过程中新工艺、新技术、新产品的研究开发、技术服务与技术咨询，橡胶制品、防砂器材、石英砂、计算...,西三路１８８号 - ,4250(万元) (万元),中国石化胜利油田有限公司采油工艺研究院，办公室地址位于军事家孙武的故里东营，西三路１８８号，我公司主要提供油田开发过程中新工艺、新技术、新产品的研究开发、技术服务与技术咨询，橡胶制品、防砂器材、石英砂、计算机软件开发、机械加工。,(0546)8557246 未核实，仅供参考,,,,让卖家联系我,257000,中国石化胜利油田有限公司采油工艺研究院,中国石化胜利油田,油田开发过程中新工艺、新技术、新产品的研究开发、技术服务与技术咨询，橡胶制品、防砂器材、石英砂、计算机软件开发、机械加工。,未知,,,在业,,1992年10月19日,580人,,天然原油和天然气开采,
辽宁油田物资产品经销有限公司, 石油，成品油，液化气批发，化工原料，金属材料,沈阳市沈北新区海王街1号 - ,3000 万人民币 (万元),辽宁油田物资产品经销有限公司隶属于长春众诚投资发展集团，长春众诚投资发展集团创建于1993年，是国内大的以石油炼制、化工产品、车用燃油、燃气经销为主营业务的民营企业， 市场分布在黑龙江、吉林 、辽宁、河南、河北、北京、天津、外蒙古国及朝鲜国等地。 公司资产总额约46亿元，有年加工能力70万吨炼油厂一座， 库容总量38万立方米的成品油储存库5座，连锁加油站114座、加气站14座，年成品油销量达220万吨，所有经营项目合计年销售收入突破180亿元 。目前，已经争取到了年加工能力达300万吨的前郭炼油厂生产装置，计划利用三年时间，使炼油厂达到年处理500万吨原油的生产能力. 公司建立了以服务为核心的企业文化，以向“顾客提供服务”为宗旨”，并建立了顾客导向推进会，以“永远留住顾客”为目标，以“让顾客满意、让顾客高兴”为工作标准，以的服务推动企业发展壮大，在市场经济激烈竞争的形势下，不断解决企业内部管理制度与顾客导向服务理念可能发生的矛盾，逐渐形成以顾客为导向，以为顾客提供服务为推动的管理体系。 公司建立了全员绩效考核机制和员工晋升机制，为员工创造了多样化的发展空间与平台。公司为所有员工提供食宿及五险一金。,024-89604415 未核实，仅供参考,,,357998261@qq.com,让卖家联系我,110013,辽宁油田物资产品经销有限公司,油田物资产品经销,石油，成品油，液化气批发，化工原料，金属材料,化工原料（不含化学危险品）、金属材料、建材、机电产品、农副产品批发、零售；信息咨询（不含中介）；汽油、煤油、柴油批发；易燃液体批发；汽车租赁；自营和代理各类商品和技术的进出口，但国家限定公司经营或禁止进出口的商品和技术除外。（依法须经批准的项目，经相关部门批准后方可开展经营活动。,9.12E+17,沈阳市沈北新区市场监督管理局,存续,,1998年12月8日,100人,,天然原油和天然气开采,有限责任公司(自然人投资或控股)
天津大港油田集团工程建设有限责任公司, 化工石油工程、市政公用工程、工业与民用建筑管道工程,天津市滨海新区大港建白路116号,39405.120123万人民币 (万元),天津大港油田集团工程建设有限责任公司，办公室地址位于环渤海地区经济中心天津，天津市滨海新区大港建白路116号，我公司主要提供化工石油工程、市政公用工程、工业与民用建筑、管道工程、防腐保温工程、送变电工程、地基与基础工程施工；工程勘察设计；承包与其实力、规模、业绩相适应的对外承包工程项目，并派遣实施上述对外承包工程项目所需的劳务人员；浅海海洋工程结构与设备的陆上预制和安装；建筑材料、混凝土预制构件、防腐保温产品制造与加工；...,022-25938454 未核实，仅供参考,,,liuhongli0726@sina.com,让卖家联系我,300280,天津大港油田集团工程建设有限责任公司,大港油田集团工程建设,化工石油工程、市政公用工程、工业与民用建筑管道工程,化工石油工程、市政公用工程、工业与民用建筑、管道工程、防腐保温工程、送变电工程、地基与基础工程施工；工程勘察设计；承包与其实力、规模、业绩相适应的对外承包工程项目，并派遣实施上述对外承包工程项目所需的劳务人员；浅海海洋工程结构与设备的陆上预制和安装；建筑材料、混凝土预制构件、防腐保温产品制造与加工；...,1.20E+14,天津市滨海新区市场监督管理局,存续,,1991年9月26日,1200人,,天然原油和天然气开采,公司
巨涛油田服务（天津）有限公司, 石油、化工工程设施安装调试、修缮及相关的设备开发、设计、加工、销售。,天津市塘沽海洋高新技术开发区 - ,1000万港币 (万元),巨涛海洋石油服务有限公司（“巨涛”）是一家在石油天然气行业，为客户提供技术领先的石油天然气装备、海洋工程制造、技术支持服务，以及在船舶工业和民用建筑工程领域，为客户提供的工程承包和专业技术服务的综合提供商。巨涛成立于1995年，并于2006年成功在在香港交易所主板上市（股票简称：巨涛海洋石油服务，股份代号：03303）。 巨涛油田服务（天津）有限公司为集团旗下的子公司。主要以海洋、陆地油气工艺设备设计，建造及海上石油平台维修改造服务为主,(022)25204946 未核实，仅供参考,,,zhaokai@jutal.com,让卖家联系我,300450,巨涛油田服务（天津）有限公司,巨涛油田服务,石油、化工工程设施安装调试、修缮及相关的设备开发、设计、加工、销售。,石油、化工工程设施安装调试、修缮及相关的设备开发、设计、加工、销售，劳务服务，自有设备租赁，机械设备修理 石油勘探开发新型仪器设备、天然气设施、海洋石油平台等设计、制造、调试、维修；从事机械、电气、船舶设备及配件，仪器仪表，金属制品的批发、进出口及其相关配套业务。（依法须经批准的项目，经相关部门批准后方可开展经营活动）,91120116749124697D,天津滨海高新技术产业开发区市场监督管理局,存续,,2003年6月2日,50人,http://www.jutal.com,天然原油和天然气开采,有限责任公司(外国法人独资)
库车依西克里克油田, 采售石油,地址： 依西克里克矿区,24(万元) (万元),库车依西克里克油田，办公室地址位于塞外江南的阿克苏，依西克里克矿区，我单位主要提供采售石油,(0997)7129806 未核实，仅供参考,,,,让卖家联系我,842000,库车依西克里克油田,库车依西克里克油田,采售石油,未知,,,在业,,1994年8月5日,20人,,天然原油和天然气开采,
库车县德利油田技术开发有限责任公司, 石油技术服务，石油钻采设备工具及配件，销售,新疆维吾尔自治区阿克苏地区库车县天山路５０４号,300(万元) (万元),库车县德利油田技术开发有限责任公司，办公室地址位于塞外江南的阿克苏，新疆维吾尔自治区阿克苏地区库车县天山路５０４号，我公司主要提供石油技术服务，石油钻采设备工具及配件，销售,(0997)7320975 未核实，仅供参考,,,,让卖家联系我,842000,库车县德利油田技术开发有限责任公司,德利油田技术开发,石油技术服务，石油钻采设备工具及配件，销售,未知,,,在业,,2003年5月26日,20人,,天然原油和天然气开采,
中国石化胜利油田有限公司孤东采油厂, 石油天然气开采，液化气生产，石油机械加工，维修、石油机械设备安装，货物运输。,河口区仙河镇 - ,2962(万元) (万元),欢迎来到中国石化胜利油田有限公司孤东采油厂，一家自1990年01月11日起就在军事家孙武的故里东营扎根的天然原油和天然气开采制造业企业。坐落于河口区仙河镇，我们以石油天然气开采，液化气生产，石油机械加工，维修、石油机械设备安装，货物运输为核心业务，注册资本达2962(万元)，成立以来，中国石化胜利油田已有34年的发展历程。我公司不仅积累了丰富的制造和设计经验，还建立了一个以质量和创新为驱动的企业文化。 带领着一支由和经验丰富的11163名工程师组成的团队，致力于将先进的制造技术和严格的质量控制标准应用到每一个产品之中。,(0546)8581976 未核实，仅供参考,,,,让卖家联系我,257237,中国石化胜利油田有限公司孤东采油厂,中国石化胜利油田,石油天然气开采，液化气生产，石油机械加工，维修、石油机械设备安装，货物运输。,未知,,,在业,,1990年1月11日,11163人,,天然原油和天然气开采,
中国石油新疆油田分公司勘探开发研究院, 石油勘探开发研究，计算机服务，印刷，岩石流体理化分析，外文翻译。,准噶尔路３２号 - ,成立时间：2000-01-10,中国石油新疆油田分公司勘探开发研究院，办公室地址位于新中国成立后勘探开发的第一个大油田克拉玛依，准噶尔路３２号，我公司主要提供石油勘探开发研究，计算机服务，印刷，岩石流体理化分析，外文翻译。,(0990)6881728 未核实，仅供参考,,,,让卖家联系我,834000,中国石油新疆油田分公司勘探开发研究院,中国石油新疆油田分公司勘探开发研究院,石油勘探开发研究，计算机服务，印刷，岩石流体理化分析，外文翻译。,未知,,,在业,,2000年1月10日,1324人,,天然原油和天然气开采,
盘锦市庆联油田工程技术服务有限公司, 油气田勘探，开发，新技术开发，咨询，服务，石油工具,兴隆台区渤海乡裴家村 - ,500 万人民币 (万元),盘锦市庆联油田工程技术服务有限公司坐落在辽宁省盘锦市兴隆台区渤海乡裴家村，占地面积15000m2，公司创建于2001年，注册资金1000万元，固定资产5000多万元。是集油田开发方案编制、实用技术开发、生产和技术服务于一体的私营所有制企业。现有员工80人，其中，教授级工程师5人，工程师3人，助理工程师5人，技术工人11人。,,,13324272122 未核实，仅供参考，删除号码,211100003060675@lnpost.cn,让卖家联系我,124010,盘锦市庆联油田工程技术服务有限公司,庆联油田工程技术服务,油气田勘探，开发，新技术开发，咨询，服务，石油工具,油气田新技术开发、咨询、服务；石油工具、钻采配件研制、生产、销售；技术服务、咨询；油田化学工程（不含易燃易爆及危险品），井下作业；油田助剂（除易燃易爆及化学危险品）生产、销售。（依法须经批准的项目，经相关部门批准后方可开展经营活动。,9.12E+17,盘锦市市场监督管理局,存续,,2001年4月24日,,http://www,天然原油和天然气开采,有限责任公司(自然人投资或控股)
辽河油田联营采油设备厂, 远红外自控石油加热器，采油工艺 代工产品,地址： 渤海街,,欢迎来到辽河油田联营采油设备厂，一家自起就在河蟹第一市（盘锦）扎根的天然原油和天然气开采制造业企业。坐落于渤海街，我们以远红外自控石油加热器，采油工艺 代工产品为核心业务，成立以来，辽河油田联营采油设备我工厂不仅积累了丰富的制造和设计经验，还建立了一个以质量和创新为驱动的企业文化。 致力于将先进的制造技术和严格的质量控制标准应用到每一个产品之中。,(0427)7812369 未核实，仅供参考,,,,让卖家联系我,124011,辽河油田联营采油设备厂,辽河油田联营采油设备,远红外自控石油加热器，采油工艺 代工产品,未知,,,在业,,,,,天然原油和天然气开采,
吉林省油田管理局第二钻井工程公司, 石油开采,松江路１０号 - ,,吉林省油田管理局第二钻井工程公司成立于，位于中国北方经济增长四小龙的松原。我们是一家专注于石油开采领域的工程企业，,,,,,,,,,,,,,,,,,,,
油田管理局第二钻井工程公司，经验丰富的名工程师团队，共同促进松原工程建设事业的繁荣发展。,(0438)6227109 未核实，仅供参考,,,,让卖家联系我,131100,吉林省油田管理局第二钻井工程公司,油田管理局第二钻井工程公司,石油开采,未知,,,在业,,,,,天然原油和天然气开采,,,,,
吉林省油田管理局扶余采油二厂, 原油生产,地址： 工农街,,欢迎来到吉林省油田管理局扶余采油二厂，一家自起就在中国北方经济增长四小龙的松原扎根的天然原油和天然气开采制造业企业。坐落于工农街，我们以原油生产为核心业务，成立以来，油田管理局扶余采油二我工厂不仅积累了丰富的制造和设计经验，还建立了一个以质量和创新为驱动的企业文化。 致力于将先进的制造技术和严格的质量控制标准应用到每一个产品之中。,(0438)6344343 未核实，仅供参考,,,,让卖家联系我,131200,吉林省油田管理局扶余采油二厂,油田管理局扶余采油二,原油生产,未知,,,在业,,,,,天然原油和天然气开采,
吉林省油田管理局钻采工艺研究院, 钻井、采油技术研究,地址： 长宁北街,,吉林省油田管理局钻采工艺研究院，办公室地址位于中国北方经济增长四小龙的松原，长宁北街，我单位主要提供钻井、采油技术研究,(0438)6336962 未核实，仅供参考,,,,让卖家联系我,131200,吉林省油田管理局钻采工艺研究院,油田管理局钻采工艺研究院,钻井、采油技术研究,未知,,,在业,,,,,天然原油和天然气开采,
汪清县龙腾能源开发有限公司, 油母页岩矿山开采,汪清县罗子沟镇 - ,成立时间：2003-07-07,汪清县龙腾能源开发有限公司，办公室地址位于中国大的朝鲜族聚集地--延边，汪清县罗子沟镇，我公司主要提供油母页岩矿山开采、炼油、发电、建材、稀贵金属提取；民族艺术装饰用品、民族建筑装饰用品生产销售,0433-8486888 未核实，仅供参考,,,wqlongteng@163.com,让卖家联系我,133216,汪清县龙腾能源开发有限公司,龙腾能源开发,油母页岩矿山开采,油母页岩矿山开采、炼油、发电、建材、稀贵金属提取；民族艺术装饰用品、民族建筑装饰用品生产销售（依法须经批准的项目，经相关部门批准后方可开展经营活动）,2.22E+14,汪清县市场监督管理局,存续,,2003年7月7日,3000人,,天然原油和天然气开采,公司
四川石油管理局川西南矿区, 石油，天然气开采，硫磺，炭黑，汽车客货运输，汽车，机械修理，建材，机电，配件，预制构件，油气田工程设...,地址： 毛家坝,成立时间：1951-01-01,四川石油管理局川西南矿区，办公室地址位于千年盐都、南国灯城自贡，毛家坝，我单位主要提供石油天然气钻井勘探、汽车修理、CNG改装、维修；硫磺、石油勘探开发；天然气销售；住宿、茶坊、浴足、中餐、快餐工程设计；机械制造、修理；金属材料、机电产品及配件、电器安装、采购、供应；销售化工产品、碳黑、橡胶制品采购及供应生产建设设计咨询；物业管理。,(0813)4614252 未核实，仅供参考,,,,让卖家联系我,643000,四川石油管理局川西南矿区,石油管理局川西南矿区,石油，天然气开采，硫磺，炭黑，汽车客货运输，汽车，机械修理，建材，机电，配件，预制构件，油气田工程设计，小型电器安装，机电产品，金属材料，五交化，石油产品，橡胶制品，采购,石油天然气钻井勘探、汽车修理、CNG改装、维修；硫磺、石油勘探开发；天然气销售；住宿、茶坊、浴足、中餐、快餐工程设计；机械制造、修理；金属材料、机电产品及配件、电器安装、采购、供应；销售化工产品（危化品除外）、碳黑、橡胶制品采购及供应生产建设设计咨询；物业管理（以上范围国家有专项规定的除外）。,5.10E+14,自贡市市场监督管理局,存续,,1951年1月1日,2943人,,天然原油和天然气开采,单位
上海能信石油科技服务有限公司, 石油化工及计算机网络工程专业领域内的“四技”服务，石油设备及配件，燃料油（除危险品），计算机软硬件及...,上海市静安区胶州路397号5幢221室,成立时间：2008-05-27,上海能信石油科技服务有限公司，办公室地址位于中国国际经济、金融、贸易、航运中心，魔都上海，上海市静安区胶州路397号5幢221室，我公司主要提供石油化工及计算机网络工程专业领域内的“四技”服务，石油设备及配件，燃料油，计算机软硬件及网络设备，日用百货，针纺织品，建筑材料，建筑装潢，玩具，家用电器，办公用品，从事货物及技术的进出口业务。,,,18017886765 未核实，仅供参考，删除号码,149122721@qq.com,让卖家联系我,200000,上海能信石油科技服务有限公司,能信石油,,石油化工及计算机网络工程专业领域内的“四技”服务，石油设备及配件，燃料油（除危险品），计算机软硬件及网络设备，日用百货，针纺织品，建筑材料，建筑装潢，玩具，家用电器，办公用品，从事货物及技术的进出口业务。【依法须经批准的项目，经相关部门批准后方可开展经营活动】,3.10E+14,静安区市场监管局,存续,,2008年5月27日,,,天然原油和天然气开采,公司
大港油田集团有限责任公司, 天然原油、天然气勘探、开采、加工及制品,天津市滨海新区大港三号院 - ,358591万人民币 (万元),大港油田集团有限责任公司，办公室地址位于环渤海地区经济中心天津，天津市滨海新区大港三号院，我公司主要提供天然原油、天然气勘探、开采、加工及制品；油气伴生品及综合利用；石油、天气技术咨询及服务；石油钻探设备、工具、配件制造、土木工程建筑；生产、生活资料的供应、加工、制造、维修、销售；生产、生活、文化设施的经营服务；设备租赁、技术、劳务服务、信息服务；工程监理；承包境外化工、石油行业工程和境内国际招标工程...,022-25971708 未核实，仅供参考,,,dgyt@petrochina.com.cn,让卖家联系我,300280,大港油田集团有限责任公司,大港油田集团,天然原油、天然气勘探、开采、加工及制品,天然原油、天然气勘探、开采、加工及制品；油气伴生品及综合利用；石油、天气技术咨询及服务；石油钻探设备、工具、配件制造、土木工程建筑；生产、生活资料的供应、加工、制造、维修、销售；生产、生活、文化设施的经营服务；设备租赁、技术、劳务服务、信息服务；工程监理；承包境外化工、石油行业工程和境内国际招标工程...,1.20E+14,天津市滨海新区市场监督管理局,存续,,1995年11月24日,4000人,http://www.dgtx.com.cn,天然原油和天然气开采,公司
吉林省油田英台采油厂多种经营公司, 土木建筑及锅炉维修。安装。筑路,大屯镇 - ,50(万元) (万元),吉林省油田英台采油厂多种经营公司，办公室地址位于大型商品粮基地市白城，大屯镇，我公司主要提供土木建筑及锅炉维修。安装。筑路,(0436) 未核实，仅供参考,,,,让卖家联系我,137319,吉林省油田英台采油厂多种经营公司,油田英台采油,土木建筑及锅炉维修。安装。筑路,未知,,,在业,,2000年3月10日,,,天然原油和天然气开采,
吉林省油田红岗采油厂多种经营总公司, 建筑材料、五金、交电、化工、,两家子镇 - ,11(万元) (万元),吉林省油田红岗采油厂多种经营总公司，办公室地址位于大型商品粮基地市白城，两家子镇，我公司主要提供建筑材料、五金、交电、化工、,(0436)5352113 未核实，仅供参考,,,,让卖家联系我,131300,吉林省油田红岗采油厂多种经营总公司,油田红岗采油,建筑材料、五金、交电、化工、,未知,,,在业,,1998年4月10日,20人,,天然原油和天然气开采,
吉林省油田管理局销售公司洮儿河加油站, 原油，汽油，柴油，液化气，石腊，石油副产品，对外代料加工,洮白公路１７公里 - ,,吉林省油田管理局销售公司洮儿河加油站，办公室地址位于大型商品粮基地市白城，洮白公路１７公里，我公司主要提供原油，汽油，柴油，液化气，石腊，石油副产品，对外代料加工,(0436)3821321 未核实，仅供参考,,,,让卖家联系我,137000,吉林省油田管理局销售公司洮儿河加油站,油田管理局销售公司洮儿河加油站,原油，汽油，柴油，液化气，石腊，石油副产品，对外代料加工,未知,,,在业,,,,,天然原油和天然气开采,
镇赉县到保镇油田开发服务有限公司, 筑路土方工程。挖掘水井。中介服务,到保镇 - ,10(万元) (万元),镇赉县到保镇油田开发服务有限公司，办公室地址位于大型商品粮基地市白城，到保镇，我公司主要提供筑路土方工程。挖掘水井。中介服务,(0436)7731415 未核实，仅供参考,,,,让卖家联系我,137319,镇赉县到保镇油田开发服务有限公司,到保镇油田开发服务,筑路土方工程。挖掘水井。中介服务,未知,,,在业,,2000年8月9日,,,天然原油和天然气开采,
大安市永达油田开发有限责任公司, 油田开发、,大安港 - ,1000(万元) (万元),大安市永达油田开发有限责任公司，办公室地址位于大型商品粮基地市白城，大安港，我公司主要提供油田开发、,(0436) 未核实，仅供参考,,,,让卖家联系我,131300,大安市永达油田开发有限责任公司,永达油田开发,油田开发、,未知,,,在业,,2000年5月30日,30人,,天然原油和天然气开采,
大安市油田开发公司两家经销处, 原料油（不含危险品）、,地址： 两家镇,3(万元) (万元),大安市油田开发公司两家经销处，办公室地址位于大型商品粮基地市白城，两家镇，我经销处主要提供原料油、,(0436)6232157 未核实，仅供参考,,,,让卖家联系我,131301,大安市油田开发公司两家经销处,油田开发公司两家经销处,原料油（不含危险品）、,未知,,,在业,,2000年9月26日,8人,,天然原油和天然气开采,
吉林油田工行大安采油厂分理处, 主营：金融业务,地址： 两家镇,成立时间：1998-10-20,吉林油田工行大安采油厂分理处，办公室地址位于大型商品粮基地市白城，两家镇，我工厂主要提供主营：金融业务,04386232077 未核实，仅供参考,,,,让卖家联系我,131302,吉林油田工行大安采油厂分理处,油田工行大安采油,主营：金融业务,未知,,,在业,,1998年10月20日,10人,,天然原油和天然气开采,
大安市油田开发公司吉安物资经销处, 原料油,地址： 两家镇,3(万元) (万元),大安市油田开发公司吉安物资经销处，办公室地址位于大型商品粮基地市白城，两家镇，我经销处主要提供原料油,(0436)6232090 未核实，仅供参考,,,,让卖家联系我,131301,大安市油田开发公司吉安物资经销处,油田开发公司吉安物资经销处,原料油,未知,,,在业,,1999年3月25日,8人,,天然原油和天然气开采,
大安市油田石油机械制造厂, 机械加工制造、,地址： 嫩江街,50(万元) (万元),欢迎来到大安市油田石油机械制造厂，一家自2001年05月29日起就在大型商品粮基地市白城扎根的天然原油和天然气开采制造业企业。坐落于嫩江街，我们以机械加工制造、为核心业务，注册资本达50(万元)，成立以来，油田石油机械已有23年的发展历程。我工厂不仅积累了丰富的制造和设计经验，还建立了一个以质量和创新为驱动的企业文化。 带领着一支由和经验丰富的10000名工程师组成的团队，致力于将先进的制造技术和严格的质量控制标准应用到每一个产品之中。,(0436) 未核实，仅供参考,,,,让卖家联系我,131300,大安市油田石油机械制造厂,油田石油机械,机械加工制造、,未知,,,在业,,2001年5月29日,10000人,,天然原油和天然气开采,
大安市油田机械厂, 主营：石油配件,地址： 大安北,,欢迎来到大安市油田机械厂，一家自起就在大型商品粮基地市白城扎根的天然原油和天然气开采制造业企业。坐落于大安北，我们以主营：石油配件为核心业务，成立以来，油田机械我工厂不仅积累了丰富的制造和设计经验，还建立了一个以质量和创新为驱动的企业文化。 致力于将先进的制造技术和严格的质量控制标准应用到每一个产品之中。,(0436) 未核实，仅供参考,,,,让卖家联系我,131300,大安市油田机械厂,油田机械,主营：石油配件,未知,,,在业,,,,,天然原油和天然气开采,
大安市石油开采站, 主营；石油开采,地址： 临江街,,大安市石油开采站，办公室地址位于大型商品粮基地市白城，临江街，我单位主要提供主营；石油开采,(0436)5223358 未核实，仅供参考,,,,让卖家联系我,131300,大安市石油开采站,石油开采站,主营；石油开采,未知,,,在业,,,,,天然原油和天然气开采,
大安油田开发服务总公司, 原油开发、,长白路 - ,41(万元) (万元),大安油田开发服务总公司，办公室地址位于大型商品粮基地市白城，长白路，我公司主要提供原油开发、,(0436) 未核实，仅供参考,,,,让卖家联系我,131300,大安油田开发服务总公司,大安油田开发服务总公司,原油开发、,未知,,,在业,,1988年8月10日,128人,,天然原油和天然气开采,
保定保兴油田固井建筑材料制造有限公司, 油田固井材料生产、销售，货物运输。,高保路（华北石油转运站院内） - ,50(万元) (万元),保定保兴油田固井建筑材料制造有限公司，办公室地址位于直隶总督署保定，高保路（华北石油转运站院内），我公司主要提供油田固井材料生产、销售，货物运输。,0312-2139007 未核实，仅供参考,,,,让卖家联系我,71000,保定保兴油田固井建筑材料制造有限公司,保兴油田固井建筑材料,油田固井材料生产、销售，货物运输。,未知,,,在业,,,,,天然原油和天然气开采,
华北油田徐水凯达石油产品销售有限公司, 汽油，柴油，润滑油，溶剂油 轻质油,河北省保定市徐水县漕河车站 - ,60(万元) (万元),华北油田徐水凯达石油产品销售有限公司，办公室地址位于直隶总督署保定，河北省保定市徐水县漕河车站，我公司主要提供汽油，柴油，润滑油，溶剂油 轻质油,0312-8503728 未核实，仅供参考,,,,让卖家联系我,72550,华北油田徐水凯达石油产品销售有限公司,华北油田徐水凯达石油产品销售,汽油，柴油，润滑油，溶剂油 轻质油,未知,,,在业,,,,,天然原油和天然气开采,
涿州市华北油田石油产品销售有限公司, 汽油、柴油、润滑油、化工产品、批发兼零售。,河北省保定市涿州市开发区１２８号,成立时间：1999-01-26,涿州市华北油田石油产品销售有限公司，办公室地址位于直隶总督署保定，河北省保定市涿州市开发区１２８号，我公司主要提供汽油、柴油、润滑油、化工产品、批发兼零售。,0312-3853777 未核实，仅供参考,,,,让卖家联系我,72750,涿州市华北油田石油产品销售有限公司,华北油田石油产品销售,汽油、柴油、润滑油、化工产品、批发兼零售。,未知,,,在业,,1999年1月26日,25人,,天然原油和天然气开采,
云南省保山地区农村能源工作站, 农村能源建设，沼气，改灶节材，微水电，太阳能,地址： 保山市永昌镇公园街２号,,云南省保山地区农村能源工作站，办公室地址位于留下永历帝、徐悲鸿等人的足迹--保山，保山市永昌镇公园街２号，我单位主要提供农村能源建设，沼气，改灶节材，微水电，太阳能,(0875)2120750 未核实，仅供参考,,,,让卖家联系我,678000,云南省保山地区农村能源工作站,农村能源工作站,农村能源建设，沼气，改灶节材，微水电，太阳能,未知,,,在业,,,,,天然原油和天然气开采,
胜利油田东方经贸总公司新疆巴州公司, 石油专用设备及配件、仪器仪表、机电化工、橡胶制品、水暖配件、土特产品、机电维修、,铁门关路 - ,,胜利油田东方经贸总公司新疆巴州公司，办公室地址位于华夏第一州巴音郭楞，铁门关路，我公司主要提供石油专用设备及配件、仪器仪表、机电化工、橡胶制品、水暖配件、土特产品、机电维修、,(0996) 未核实，仅供参考,,,,让卖家联系我,841000,胜利油田东方经贸总公司新疆巴州公司,胜利油田东方经贸总公司新疆巴州公司,石油专用设备及配件、仪器仪表、机电化工、橡胶制品、水暖配件、土特产品、机电维修、,未知,,,在业,,,,,天然原油和天然气开采,
河南油田建安公司塔里木分公司, 石油设备安装,铁克其乡 - ,,河南油田建安公司塔里木分公司，办公室地址位于华夏第一州巴音郭楞，铁克其乡，我公司主要提供石油设备安装,(0996) 未核实，仅供参考,,,,让卖家联系我,841000,河南油田建安公司塔里木分公司,油田建安公司塔里木分公司,石油设备安装,未知,,,在业,,,,,天然原油和天然气开采,
轮台县成成油田技术服务有限公司, 油井高压注水、机泵修理、抽油机修理、输油管道抢修维修、井站维护作业、采输技术服务、油田机械配件销售,塔河油田采油三对路北１００米处,300万 (万元),轮台县成成油田技术服务有限公司，办公室地址位于华夏第一州巴音郭楞，塔河油田采油三对路北１００米处，我公司主要提供许可经营项目：无。一般经营项目：: 机泵修理；抽油机修理；输油管道抢修维修；井站维护作业；注、采、输油技术服务；油田机械配件及其它材料销售。***。,(0996)2207285 未核实，仅供参考,,,,让卖家联系我,841600,轮台县成成油田技术服务有限公司,成成油田技术服务,油井高压注水、机泵修理、抽油机修理、输油管道抢修维修、井站维护作业、采输技术服务、油田机械配件销售,许可经营项目：无。一般经营项目：（国家法律、行政法规有专项审批的项目除外）: 机泵修理；抽油机修理；输油管道抢修维修；井站维护作业；注、采、输油技术服务；油田机械配件及其它材料销售。***。（依法须经批准的项目，经相关部门批准后方可开展经营活动）,91652822748682603Y,轮台县市场监督管理局,存续,,2003年5月21日,20人,,天然原油和天然气开采,公司
江汉石油管理局油田建设工程公司巴州分公司, 化工、石油、石油化工引进装置及工程施工、建筑施工、电力工程施工、通信工程施工,石化大道梨香小区２号楼３单元３０３室,500(万元) (万元),江汉石油管理局油田建设工程公司巴州分公司，办公室地址位于华夏第一州巴音郭楞，石化大道梨香小区２号楼３单元３０３室，我公司主要提供化工、石油、石油化工引进装置及工程施工、建筑施工、电力工程施工、通信工程施工,(0996)2201797 未核实，仅供参考,,,,让卖家联系我,841000,江汉石油管理局油田建设工程公司巴州分公司,江汉石油管理局油田建设工程公司巴州分公司,化工、石油、石油化工引进装置及工程施工、建筑施工、电力工程施工、通信工程施工,未知,,,在业,,2002年1月31日,80人,,天然原油和天然气开采,
河南油田石油管道安装公司巴州分公司, 安装,人民东路 - ,150(万元) (万元),河南油田石油管道安装公司巴州分公司，办公室地址位于华夏第一州巴音郭楞，人民东路，我公司主要提供安装,(0996)2016166 未核实，仅供参考,,,,让卖家联系我,841000,河南油田石油管道安装公司巴州分公司,油田石油管道安装公司巴州分公司,安装,未知,,,在业,,1999年5月28日,12人,,天然原油和天然气开采,
胜利油田钻井设备安装公司驻库尔勒办事处, 小型石油工程、单项工程施工、设备安装,天山路乌喀公路南侧 - ,30(万元) (万元),胜利油田钻井设备安装公司驻库尔勒办事处，办公室地址位于华夏第一州巴音郭楞，天山路乌喀公路南侧，我公司主要提供小型石油工程、单项工程施工、设备安装,(0996)2039808 未核实，仅供参考,,,,让卖家联系我,841000,胜利油田钻井设备安装公司驻库尔勒办事处,胜利油田钻井设备安装公司驻库尔勒办事处,小型石油工程、单项工程施工、设备安装,未知,,,在业,,1998年6月11日,5人,,天然原油和天然气开采,
华北油田测试公司南疆分公司测试综合服务部, 住宿、日用百货、汽车配件、五金交电、建材、石油专用测试配件、测试服务,西站 - ,,华北油田测试公司南疆分公司测试综合服务部，办公室地址位于华夏第一州巴音郭楞，西站，我公司主要提供住宿、日用百货、汽车配件、五金交电、建材、石油专用测试配件、测试服务,(0996) 未核实，仅供参考,,,,让卖家联系我,841008,华北油田测试公司南疆分公司测试综合服务部,华北油田测试公司南疆分公司测试综合,住宿、日用百货、汽车配件、五金交电、建材、石油专用测试配件、测试服务,未知,,,在业,,,,,天然原油和天然气开采,
巴州捷安油田商贸有限责任公司, 汽车配件、石油设备及配件、润滑油、五金交电,库尔勒市天山路 - ,50(万元) (万元),欢迎来到巴州捷安油田商贸有限责任公司，自2000年04月26日成立以来，已经发展成为一个拥有4员工的大家庭。我们坐落于巴音郭楞这个充满活力和机遇的城市。华夏第一州巴音郭楞作为我们的总部所在地，我们的公司定位于天然原油和天然气开采，汽车配件、石油设备及配件、润滑油、五金交电是我们的强项 。,,,,,,,,,,,,,,,,,,,
巴州捷安油田商贸以50(万元)注册资本为基础，凭借着法人代表的领导力，成功走过24年的发展历程。,(0996)2079247 未核实，仅供参考,,,,让卖家联系我,841000,巴州捷安油田商贸有限责任公司,巴州捷安油田商贸,汽车配件、石油设备及配件、润滑油、五金交电,未知,,,在业,,2000年4月26日,4人,,天然原油和天然气开采,,,,,
巴州中南石油油田工程建设有限公司, 化工石油石油化工装置的设备管道安装维修维护等相关业务,轮台县南疆路运输管理站院内 - ,526(万元) (万元),巴州中南石油油田工程建设有限公司，办公室地址位于华夏第一州巴音郭楞，轮台县南疆路运输管理站院内，我公司主要提供化工石油石油化工装置的设备管道安装维修维护等相关业务,(0996)4692990 未核实，仅供参考,,,,让卖家联系我,841600,巴州中南石油油田工程建设有限公司,巴州中南石油油田工程建设,化工石油石油化工装置的设备管道安装维修维护等相关业务,未知,,,在业,,2001年9月6日,33人,,天然原油和天然气开采,
大庆油田建设集团有限责任公司新疆分公司, 石油天然气工程施工。＊＊＊,新疆巴州库尔勒市建设路辖区塔指东路成功商厦2号楼2幢5层,1500(万元) (万元),大庆油田建设集团有限责任公司新疆分公司，办公室地址位于华夏第一州巴音郭楞，新疆巴州库尔勒市建设路辖区塔指东路成功商厦2号楼2幢5层，我公司主要提供化工石油工程施工总承包特级，市政公用工程施工总承包壹级，钢结构工程专业承包壹级，送变电工程专业承包壹级，管道工程专业承包壹级，混凝土预制构件专业承包贰级，防腐保温工程专业承包壹级，预拌商品混凝土专业承包贰级，地基与基础工程专业承包贰级，建筑装饰业，建筑防水工程专业承包叁级，土石方工程专业承包贰级，...,0996-6787668 未核实，仅供参考,,,dqyj-0996@163.com,让卖家联系我,841000,大庆油田建设集团有限责任公司新疆分公司,油田建设集团,石油天然气工程施工。＊＊＊,化工石油工程施工总承包特级，市政公用工程施工总承包壹级，钢结构工程专业承包壹级，送变电工程专业承包壹级，管道工程专业承包壹级，混凝土预制构件专业承包贰级，防腐保温工程专业承包壹级，预拌商品混凝土专业承包贰级，地基与基础工程专业承包贰级，建筑装饰业，建筑防水工程专业承包叁级，土石方工程专业承包贰级，...,6.53E+14,库尔勒市市场监督管理局,存续,,2000年5月16日,117人,,天然原油和天然气开采,公司
中国石油天然气股份有限公司塔里木油田分公司, 石油、天然气勘察、生产、销售、炼油、石油化工产品的生产、销售,新疆巴州库尔勒市石化大道 - ,成立时间：2000-01-01,中国石油天然气股份有限公司塔里木油田分公司，办公室地址位于华夏第一州巴音郭楞，新疆巴州库尔勒市石化大道，我公司主要提供石油、天然气勘查、生产、销售，炼油，化肥生产销售；生产：汽油、柴油、液化石油气、液氨、液氧、天然气、原油、凝析油、稳定轻烃、硫磺；石油化工产品的生产、销售。石油天然气管道运营。,0996-2176021 未核实，仅供参考,,,mjb-tlm@petrochina.com.cn,让卖家联系我,841001,中国石油天然气股份有限公司塔里木油田分公司,中国石油天然气,石油、天然气勘察、生产、销售、炼油、石油化工产品的生产、销售,石油、天然气勘查、生产、销售，炼油，化肥生产销售；生产：汽油、柴油、液化石油气、液氨、液氧、天然气、原油、凝析油、稳定轻烃、硫磺；石油化工产品的生产、销售。石油天然气管道运营。,6.53E+14,巴音郭楞蒙古自治州市场监督管理局,存续,,2000年1月1日,10061人,,天然原油和天然气开采,公司
中国石化胜利油田有限公司巴州井下项目部, 井下作业、油水井测试、分析、维修、技术服务,石化大道丰源小区 - ,成立时间：2002-05-10,中国石化胜利油田有限公司巴州井下项目部，办公室地址位于华夏第一州巴音郭楞，石化大道丰源小区，我公司主要提供井下作业、油水井测试、分析、维修、技术服务,,,,,让卖家联系我,841000,中国石化胜利油田有限公司巴州井下项目部,中国石化胜利油田,井下作业、油水井测试、分析、维修、技术服务,未知,,,在业,,2002年5月10日,30人,,天然原油和天然气开采,
新疆巴州华宇油田技术服务有限公司, 石油钻采设备及维修，炊事用具通用零部件加工,交通东路 - ,200(万元) (万元),新疆巴州华宇油田技术服务有限公司，办公室地址位于华夏第一州巴音郭楞，交通东路，我公司主要提供石油钻采设备及维修，炊事用具通用零部件加工,(0996)2217666 未核实，仅供参考,,,,让卖家联系我,841000,新疆巴州华宇油田技术服务有限公司,巴州华宇油田技术服务,石油钻采设备及维修，炊事用具通用零部件加工,未知,,,在业,,1999年7月29日,7人,,天然原油和天然气开采,
中国石油天然气运输公司巴州油田综合服务分公司, 普通机械加工、制造，柴油发电机组的租赁，维修、安装、销售、汽车修理。＊＊＊,天山西路老３１４国道４７０公里处,60(万元) (万元),中国石油天然气运输公司巴州油田综合服务分公司，办公室地址位于华夏第一州巴音郭楞，天山西路老３１４国道４７０公里处，我公司主要提供普通机械加工、制造，柴油发电机组的租赁，维修、安装、销售、汽车修理。＊＊＊,(0996)2062219 未核实，仅供参考,,,,让卖家联系我,841000,中国石油天然气运输公司巴州油田综合服务分公司,中国石油天然气运输公司巴州油田综合服务分公司,普通机械加工、制造，柴油发电机组的租赁，维修、安装、销售、汽车修理。＊＊＊,未知,,,在业,,2003年4月28日,16人,,天然原油和天然气开采,
中原油田轮台管具工程处, 钻井工程石油技术服务,地址： 红桥经济开发区,3000(万元) (万元),中原油田轮台管具工程处，办公室地址位于华夏第一州巴音郭楞，红桥经济开发区，我单位主要提供钻井工程石油技术服务,(0996)4695608 未核实，仅供参考,,,,让卖家联系我,841600,中原油田轮台管具工程处,中原油田轮台管具工程处,钻井工程石油技术服务,未知,,,在业,,,16人,,天然原油和天然气开采,
中原油田轮台固井工程处, 固井服务石油技术服务,地址： 红桥经济开发区,2160(万元) (万元),中原油田轮台固井工程处，办公室地址位于华夏第一州巴音郭楞，红桥经济开发区，我单位主要提供固井服务石油技术服务,,,,,让卖家联系我,841600,中原油田轮台固井工程处,中原油田轮台固井工程处,固井服务石油技术服务,未知,,,在业,,2002年8月26日,18人,,天然原油和天然气开采,
新疆塔里木油田化玻仪器仪表总公司, 玻璃仪器、化学试剂、诊断试剂、医疗器械、汽车配件、仪器仪表、石油化工产品、塑料制,交通东路 - ,,新疆塔里木油田化玻仪器仪表总公司，办公室地址位于华夏第一州巴音郭楞，交通东路，我公司主要提供玻璃仪器、化学试剂、诊断试剂、医疗器械、汽车配件、仪器仪表、石油化工产品、塑料制,(0996)2025667 未核实，仅供参考,,,,让卖家联系我,841000,新疆塔里木油田化玻仪器仪表总公司,塔里木油田化玻仪器仪表总公司,玻璃仪器、化学试剂、诊断试剂、医疗器械、汽车配件、仪器仪表、石油化工产品、塑料制,未知,,,在业,,,,,天然原油和天然气开采,
新疆油田库尔勒石油物资供应站, 石油钻采设备、工具及配件、石油制品、建筑材料、五金交电化工、电器机械、金属材料、,地址： 天山西路,,新疆油田库尔勒石油物资供应站，办公室地址位于华夏第一州巴音郭楞，天山西路，我单位主要提供石油钻采设备、工具及配件、石油制品、建筑材料、五金交电化工、电器机械、金属材料、,(0996)2025754 未核实，仅供参考,,,,让卖家联系我,841000,新疆油田库尔勒石油物资供应站,油田库尔勒石油物资供应站,石油钻采设备、工具及配件、石油制品、建筑材料、五金交电化工、电器机械、金属材料、,未知,,,在业,,,,,天然原油和天然气开采,
库尔勒华孚油田化学有限责任公司, 油田化学助剂、（危险品除外）及石油工具配件,金冠小区８号楼４０２室 - ,50(万元) (万元),库尔勒华孚油田化学有限责任公司，办公室地址位于华夏第一州巴音郭楞，金冠小区８号楼４０２室，我公司主要提供油田化学助剂、及石油工具配件,(0996)2095316 未核实，仅供参考,,,,让卖家联系我,841000,库尔勒华孚油田化学有限责任公司,库尔勒华孚油田化学,油田化学助剂、（危险品除外）及石油工具配件,未知,,,在业,,2000年9月6日,5人,,天然原油和天然气开采,
巴州亚航油田技术有限责任公司, 生产、销售：油田化学助剂。销售：泥浆材料、石油钻采设备及配件、油田技术服务,石化大道经济技术开发区 - ,150(万元) (万元),巴州亚航油田技术有限责任公司，办公室地址位于华夏第一州巴音郭楞，石化大道经济技术开发区，我公司主要提供生产、销售：油田化学助剂。销售：泥浆材料、石油钻采设备及配件、油田技术服务,(0996)2036617 未核实，仅供参考,,,,让卖家联系我,841000,巴州亚航油田技术有限责任公司,巴州亚航油田技术,生产、销售：油田化学助剂。销售：泥浆材料、石油钻采设备及配件、油田技术服务,未知,,,在业,,2002年4月2日,6人,,天然原油和天然气开采,
兰州石油机械研究所油田设备中试厂库尔勒塔里木电器检测维修站, 石油钻采、电器设备的检测、维修、机械加工,地址： 西站大二线储运公司院内,25(万元) (万元),兰州石油机械研究所油田设备中试厂库尔勒塔里木电器检测维修站，办公室地址位于华夏第一州巴音郭楞，西站大二线储运公司院内，我工厂主要提供石油钻采、电器设备的检测、维修、机械加工,(0996)2060050 未核实，仅供参考,,,,让卖家联系我,841000,兰州石油机械研究所油田设备中试厂库尔勒塔里木电器检测维修站,石油机械研究所油田设备中试,石油钻采、电器设备的检测、维修、机械加工,未知,,,在业,,1998年5月1日,30人,,天然原油和天然气开采,
轮台县中建油田技术服务有限公司, 完井工程作业技术服务、采油设备日常维护、保养、钻前钻后工程服务、环抱治理服务、石油专用工具、配件的加...,新疆维吾尔自治区巴音郭楞蒙古自治州轮台县红桥工业园区,成立时间：2004-06-15,轮台县中建油田技术服务有限公司，办公室地址位于华夏第一州巴音郭楞，新疆维吾尔自治区巴音郭楞蒙古自治州轮台县红桥工业园区，我公司主要提供完井工程作业技术服务、采油设备日常维护、保养、钻前钻后工程服务、环抱治理服务、石油专用工具、配件的加工＊＊＊,(0996)4698748 未核实，仅供参考,,,,让卖家联系我,841600,轮台县中建油田技术服务有限公司,中建油田技术服务,完井工程作业技术服务、采油设备日常维护、保养、钻前钻后工程服务、环抱治理服务、石油专用工具、配件的加工＊＊＊,未知,,,在业,,2004年6月15日,5人,,天然原油和天然气开采,
胜利油田华滨饮用品有限责任公司, 纯净水、矿泉水、饮料生产销售,滨南采油厂大院 - ,54(万元) (万元),胜利油田华滨饮用品有限责任公司，办公室地址位于山东的北大门滨州，滨南采油厂大院，我公司主要提供纯净水、矿泉水、饮料生产销售,(0543)3462001 未核实，仅供参考,,,,让卖家联系我,256606,胜利油田华滨饮用品有限责任公司,胜利油田华滨饮用品,纯净水、矿泉水、饮料生产销售,未知,,,在业,,2001年5月14日,16人,,天然原油和天然气开采,
胜利油田滨工福利公司梦丽雅美容厅, 美容，理发,滨州市滨南采油厂大院 - ,,胜利油田滨工福利公司梦丽雅美容厅，办公室地址位于山东的北大门滨州，滨州市滨南采油厂大院，我公司主要提供美容，理发,(0543) 未核实，仅供参考,,,,让卖家联系我,256600,胜利油田滨工福利公司梦丽雅美容厅,胜利油田滨工福利公司梦丽雅美容厅,美容，理发,未知,,,在业,,,,,天然原油和天然气开采,
胜利油田无棣石油开发有限责任公司, 石油，天然气，开发，油气，加工，钻采设备，技术服务,常家乡驻地 - ,,胜利油田无棣石油开发有限责任公司，办公室地址位于山东的北大门滨州，常家乡驻地，我公司主要提供石油，天然气，开发，油气，加工，钻采设备，技术服务,(0543) 未核实，仅供参考,,,,让卖家联系我,251905,胜利油田无棣石油开发有限责任公司,胜利油田无棣石油开发,石油，天然气，开发，油气，加工，钻采设备，技术服务,未知,,,在业,,,,,天然原油和天然气开采,
胜利油田华鑫石油材料有限公司利洁分公司, 石油化工,滨州市黄河六路５３１号 - ,30(万元) (万元),胜利油田华鑫石油材料有限公司利洁分公司，办公室地址位于山东的北大门滨州，滨州市黄河六路５３１号，我公司主要提供石油化工,(0543)3464581 未核实，仅供参考,,,,让卖家联系我,256606,胜利油田华鑫石油材料有限公司利洁分公司,胜利油田华鑫石油材料,石油化工,未知,,,在业,,1999年4月13日,12人,,天然原油和天然气开采,
胜利油田滨工福利公司滨福酒家, 餐饮,滨州市滨南采油厂大院 - ,,胜利油田滨工福利公司滨福酒家，办公室地址位于山东的北大门滨州，滨州市滨南采油厂大院，我公司主要提供餐饮,(0543) 未核实，仅供参考,,,,让卖家联系我,256600,胜利油田滨工福利公司滨福酒家,胜利油田滨工福利公司滨福酒家,餐饮,未知,,,在业,,,,,天然原油和天然气开采,
胜利油田恒宇科工贸有限公司家具分公司, 木制家具、厨房设备的销售及室内外装修,滨城区渤海七路（采油厂一号路北侧沿街房）,成立时间：2001-04-09,胜利油田恒宇科工贸有限公司家具分公司，办公室地址位于山东的北大门滨州，滨城区渤海七路（采油厂一号路北侧沿街房），我公司主要提供木制家具、厨房设备的销售及室内外装修,(0543)3479018 未核实，仅供参考,,,,让卖家联系我,256600,胜利油田恒宇科工贸有限公司家具分公司,胜利油田恒宇科工贸,木制家具、厨房设备的销售及室内外装修,未知,,,在业,,2001年4月9日,8人,,天然原油和天然气开采,
胜利油田鼎洁科工贸有限责任公司, 石油工矿配件制造，汽车配件销售，石油化工产品生产，（不含危险品），工矿设备的配套及油井管网的清洗，锅...,黄河六路５３１号 - ,50(万元) (万元),胜利油田鼎洁科工贸有限责任公司，办公室地址位于山东的北大门滨州，黄河六路５３１号，我公司主要提供石油工矿配件制造，汽车配件销售，石油化工产品生产，工矿设备的配套及油井管网的清洗，锅炉，中央空调水及污水处理的技术服务，安装，维修，房屋装饰，装潢，装饰材料销售,(0543)3479638 未核实，仅供参考,,,,让卖家联系我,256606,胜利油田鼎洁科工贸有限责任公司,胜利油田鼎洁科工贸,石油工矿配件制造，汽车配件销售，石油化工产品生产，（不含危险品），工矿设备的配套及油井管网的清洗，锅炉，中央空调水及污水处理的技术服务，安装，维修，房屋装饰，装潢，装饰材料销售,未知,,,在业,,2000年3月6日,12人,,天然原油和天然气开采,
胜利油田利滨经济开发服务中心, 五金交电，办公设备，照像器材，摄影，百货，家电维修，咨询，打字,地址： 滨州市滨南采油厂大院,,胜利油田利滨经济开发服务中心，办公室地址位于山东的北大门滨州，滨州市滨南采油厂大院，我单位主要提供五金交电，办公设备，照像器材，摄影，百货，家电维修，咨询，打字,(0543) 未核实，仅供参考,,,,让卖家联系我,256606,胜利油田利滨经济开发服务中心,胜利油田利滨经济开发服务中心,五金交电，办公设备，照像器材，摄影，百货，家电维修，咨询，打字,未知,,,在业,,,,,天然原油和天然气开采,
胜利油田滨工福利公司工艺美术装潢服务部, 装潢，图案设计，锦旗,滨州市滨南采油厂大院 - ,,胜利油田滨工福利公司工艺美术装潢服务部，办公室地址位于山东的北大门滨州，滨州市滨南采油厂大院，我公司主要提供装潢，图案设计，锦旗,(0543) 未核实，仅供参考,,,,让卖家联系我,256600,胜利油田滨工福利公司工艺美术装潢服务部,胜利油田滨工福利公司工艺美术装潢,装潢，图案设计，锦旗,未知,,,在业,,,,,天然原油和天然气开采,
胜利油田滨工福利公司家电维修综合服务部, 家电维修，通讯工程安装,滨州市滨南采油厂大院 - ,,胜利油田滨工福利公司家电维修综合服务部，办公室地址位于山东的北大门滨州，滨州市滨南采油厂大院，我公司主要提供家电维修，通讯工程安装,(0543) 未核实，仅供参考,,,,让卖家联系我,256600,胜利油田滨工福利公司家电维修综合服务部,胜利油田滨工福利公司家电维修综合,家电维修，通讯工程安装,未知,,,在业,,,,,天然原油和天然气开采,
胜利油田第十五中学育才石油机械厂, 金属材料加工,地址： 滨州市黄河六路５３１号,,欢迎来到胜利油田第十五中学育才石油机械厂，一家自起就在山东的北大门滨州扎根的天然原油和天然气开采制造业企业。坐落于滨州市黄河六路５３１号，我们以金属材料加工为核心业务，成立以来，胜利油田第十五中学育才石油机械我工厂不仅积累了丰富的制造和设计经验，还建立了一个以质量和创新为驱动的企业文化。 致力于将先进的制造技术和严格的质量控制标准应用到每一个产品之中。,(0543)3462639 未核实，仅供参考,,,,让卖家联系我,256606,胜利油田第十五中学育才石油机械厂,胜利油田第十五中学育才石油机械,金属材料加工,未知,,,在业,,,,,天然原油和天然气开采,
胜利油田滨工福利公司文化娱乐开发服务部, 文化娱乐，服务，电影，录像，文体，培训,滨州市滨南采油厂大院 - ,,胜利油田滨工福利公司文化娱乐开发服务部，办公室地址位于山东的北大门滨州，滨州市滨南采油厂大院，我公司主要提供文化娱乐，服务，电影，录像，文体，培训,(0543) 未核实，仅供参考,,,,让卖家联系我,256600,胜利油田滨工福利公司文化娱乐开发服务部,胜利油田滨工福利公司文化娱乐开发,文化娱乐，服务，电影，录像，文体，培训,未知,,,在业,,,,,天然原油和天然气开采,
胜利油田彩虹科技有限公司工艺品分公司, 工艺品、玻璃制品、玻璃门窗加工、销售,开发区滨南采油厂集输大队院内 - ,成立时间：2003-05-22,胜利油田彩虹科技有限公司工艺品分公司，办公室地址位于山东的北大门滨州，开发区滨南采油厂集输大队院内，我公司主要提供工艺品、玻璃制品、玻璃门窗加工、销售,(0543)3478802 未核实，仅供参考,,,,让卖家联系我,256606,胜利油田彩虹科技有限公司工艺品分公司,胜利油田彩虹,工艺品、玻璃制品、玻璃门窗加工、销售,未知,,,在业,,2003年5月22日,37人,,天然原油和天然气开采,
胜利油田纯梁福利雅美服装城, 服装批零，日用百货,地址： 滨州市陈户镇纯梁采油厂南大院,6(万元) (万元),胜利油田纯梁福利雅美服装城，办公室地址位于山东的北大门滨州，滨州市陈户镇纯梁采油厂南大院，我单位主要提供服装批零，日用百货,(0543)8753416 未核实，仅供参考,,,,让卖家联系我,256504,胜利油田纯梁福利雅美服装城,胜利油田纯梁福利雅美服装城,服装批零，日用百货,未知,,,在业,,1999年1月21日,22人,,天然原油和天然气开采,
滨州市胜利油田第十五中学服务部, 小百货,地址： 滨州市采油厂大院,,滨州市胜利油田第十五中学服务部，办公室地址位于山东的北大门滨州，滨州市采油厂大院，我单位主要提供小百货,(0543)3462208 未核实，仅供参考,,,,让卖家联系我,256606,滨州市胜利油田第十五中学服务部,胜利油田第十五中学,小百货,未知,,,在业,,,,,天然原油和天然气开采,
中国石化胜利油田有限公司滨南采油厂, 石油，天然气开采，石油液化气，机械加工,滨州市黄河六路５３１号 - ,113000(万元) (万元),欢迎来到中国石化胜利油田有限公司滨南采油厂，一家自1992年11月18日起就在山东的北大门滨州扎根的天然原油和天然气开采制造业企业。坐落于滨州市黄河六路５３１号，我们以石油，天然气开采，石油液化气，机械加工为核心业务，注册资本达113000(万元)，成立以来，中国石化胜利油田已有31年的发展历程。我公司不仅积累了丰富的制造和设计经验，还建立了一个以质量和创新为驱动的企业文化。 带领着一支由和经验丰富的6077名工程师组成的团队，致力于将先进的制造技术和严格的质量控制标准应用到每一个产品之中。,(0543)3462521 未核实，仅供参考,,,,让卖家联系我,256606,中国石化胜利油田有限公司滨南采油厂,中国石化胜利油田,石油，天然气开采，石油液化气，机械加工,未知,,,在业,,1992年11月18日,6077人,,天然原油和天然气开采,
中原油田化工集团总公司化工四厂滨州销售处, 电线，电缆，石油制品，化工制品,滨州市黄河三路５５６号清怡宾馆,,中原油田化工集团总公司化工四厂滨州销售处，办公室地址位于山东的北大门滨州，滨州市黄河三路５５６号清怡宾馆，我公司主要提供电线，电缆，石油制品，化工制品,(0543)3324410 未核实，仅供参考,,,,让卖家联系我,256617,中原油田化工集团总公司化工四厂滨州销售处,中原油田化工集团总公司化工四,电线，电缆，石油制品，化工制品,未知,,,在业,,,,,天然原油和天然气开采,
中国石化胜利油田有限公司纯梁采油厂, 原油，天燃气开采，石油液化气，机械加工，公路货运，石油安装，轻烃生产，销售,博兴县陈户镇 - ,181194(万元) (万元),欢迎来到中国石化胜利油田有限公司纯梁采油厂，一家自1992年10月15日起就在山东的北大门滨州扎根的天然原油和天然气开采制造业企业。坐落于博兴县陈户镇，我们以原油，天燃气开采，石油液化气，机械加工，公路货运，石油安装，轻烃生产，销售为核心业务，注册资本达181194(万元)，成立以来，中国石化胜利油田已有31年的发展历程。我公司不仅积累了丰富的制造和设计经验，还建立了一个以质量和创新为驱动的企业文化。 带领着一支由和经验丰富的5386名工程师组成的团队，致力于将先进的制造技术和严格的质量控制标准应用到每一个产品之中。,(0543)8753085 未核实，仅供参考,,,,让卖家联系我,256504,中国石化胜利油田有限公司纯梁采油厂,中国石化胜利油田,原油，天燃气开采，石油液化气，机械加工，公路货运，石油安装，轻烃生产，销售,未知,,,在业,,1992年10月15日,5386人,,天然原油和天然气开采,
盐城市石油机械厂华北油田销售处, 油田石油机械，配件,地址： 河北省沧州市任丘市华北石油测井公司供应站,,盐城市石油机械厂华北油田销售处，办公室地址位于石油化工基地和北方重要陆海交通枢纽沧州，河北省沧州市任丘市华北石油测井公司供应站，我工厂主要提供油田石油机械，配件,(0317)2728288 未核实，仅供参考,,,,让卖家联系我,62552,盐城市石油机械厂华北油田销售处,石油机械,油田石油机械，配件,未知,,,在业,,,,,天然原油和天然气开采,
任丘市光宇恒大油田科技有限公司, 地质资料分析、计算机技术开发、技术服务；批发零售：现代办公用品机电产品、化工产品、仪器仪表、五金交电...,任丘市华油科研院南侧 - ,600万人民币 (万元),任丘市光宇恒大油田科技有限公司，办公室地址位于石油化工基地和北方重要陆海交通枢纽沧州，任丘市华油科研院南侧，我公司主要提供石油地质勘探开发技术服务、石油地质实验分析技术服务、计算机软件开发；批发零售：劳保用品、办公用品、计算机设备、网络设备及配件、数码产品、电子仪表、通讯器材、日用杂货、体育用品；销售：五金工具；计算机维修，办公设备维修。,,,13012031007 未核实，仅供参考，删除号码,waker_cn@sina.com,让卖家联系我,62550,任丘市光宇恒大油田科技有限公司,光宇恒大油田,地质资料分析、计算机技术开发、技术服务；批发零售：现代办公用品机电产品、化工产品、仪器仪表、五金交电建材。,石油地质勘探开发技术服务、石油地质实验分析技术服务、计算机软件开发；批发零售：劳保用品、办公用品、计算机设备、网络设备及配件、数码产品、电子仪表、通讯器材、日用杂货、体育用品；销售：五金工具；计算机维修，办公设备维修。,1.31E+14,任丘市市场监督管理局,存续,,2004年2月20日,,,天然原油和天然气开采,公司
大港油田沧州丰源采修开发技术服务中心采修配件经销处, 采修配件 汽车配件日用百货 打字复印,地址： 河北省沧州市沧县旧州镇采油三厂,10(万元) (万元),大港油田沧州丰源采修开发技术服务中心采修配件经销处，办公室地址位于石油化工基地和北方重要陆海交通枢纽沧州，河北省沧州市沧县旧州镇采油三厂，我经销处主要提供采修配件 汽车配件日用百货 打字复印,0317-13803256973 未核实，仅供参考,,,,让卖家联系我,61023,大港油田沧州丰源采修开发技术服务中心采修配件经销处,大港油田沧州丰源采修开发技术服务中心采修配件经销处,采修配件 汽车配件日用百货 打字复印,未知,,,在业,,1999年7月21日,4人,,天然原油和天然气开采,
华北油田陆地石油设备有限公司, 五金工具，电料，家用电器，钻才配件，油漆，汽车配件，机械配件，日用百货，文化用品,会战道东侧 - ,50(万元) (万元),华北油田陆地石油设备有限公司，办公室地址位于石油化工基地和北方重要陆海交通枢纽沧州，会战道东侧，我公司主要提供五金工具，电料，家用电器，钻才配件，油漆，汽车配件，机械配件，日用百货，文化用品,0317-2722040 未核实，仅供参考,,,,让卖家联系我,62552,华北油田陆地石油设备有限公司,华北油田陆地石油设备,五金工具，电料，家用电器，钻才配件，油漆，汽车配件，机械配件，日用百货，文化用品,未知,,,在业,,2000年4月10日,5人,,天然原油和天然气开采,
华北油田金田工贸有限公司, 油田建设,河北省沧州市任丘市华北石油采油一厂院内,,华北油田金田工贸有限公司，办公室地址位于石油化工基地和北方重要陆海交通枢纽沧州，河北省沧州市任丘市华北石油采油一厂院内，我公司主要提供油田建设,(0317)2729868 未核实，仅供参考,,,,让卖家联系我,62550,华北油田金田工贸有限公司,华北油田金田工贸,油田建设,未知,,,在业,,,,,天然原油和天然气开采,
华北石油科源油田技术开发部, 电子产品，仪器仪表，油田化学试剂,地址： 河北省沧州市任丘市华北石油管理局测井公司测井小学,,华北石油科源油田技术开发部，办公室地址位于石油化工基地和北方重要陆海交通枢纽沧州，河北省沧州市任丘市华北石油管理局测井公司测井小学，我单位主要提供电子产品，仪器仪表，油田化学试剂,(0317)2716080 未核实，仅供参考,,,,让卖家联系我,62552,华北石油科源油田技术开发部,华北石油科源油田技术开发部,电子产品，仪器仪表，油田化学试剂,未知,,,在业,,,,,天然原油和天然气开采,
任丘市华北油田东方商贸有限公司, 生产普通工作服、劳保手套、石油设备修理,华油一中 - ,50(万元) (万元),欢迎来到任丘市华北油田东方商贸有限公司，自2002年11月12日成立以来，已经发展成为一个拥有25员工的大家庭。我们坐落于沧州这个充满活力和机遇的城市。石油化工基地和北方重要陆海交通枢纽沧州作为我们的总部所在地，我们的公司定位于天然原油和天然气开采，生产普通工作服、劳保手套、石油设备修理是我们的强项 。,,,,,,,,,,,,,,,,,,,
华北油田东方商贸以50(万元)注册资本为基础，凭借着法人代表的领导力，成功走过21年的发展历程。,0317-2721317 未核实，仅供参考,,,,让卖家联系我,62552,任丘市华北油田东方商贸有限公司,华北油田东方商贸,生产普通工作服、劳保手套、石油设备修理,未知,,,在业,,2002年11月12日,25人,,天然原油和天然气开采,,,,,
华北油田光大科贸有限公司, 销售钻采设备，五金交电，办公用品汽车配件化工产品,华北石油潜山道１９号 - ,50(万元) (万元),华北油田光大科贸有限公司，办公室地址位于石油化工基地和北方重要陆海交通枢纽沧州，华北石油潜山道１９号，我公司主要提供销售钻采设备，五金交电，办公用品汽车配件化工产品,0317-2706207 未核实，仅供参考,,,,让卖家联系我,62550,华北油田光大科贸有限公司,华北油田光大科贸,销售钻采设备，五金交电，办公用品汽车配件化工产品,未知,,,在业,,,,,天然原油和天然气开采,
华北油田水电工程处矿建一队, 水塔，烟囱，装饰,地址： 河北省沧州市任丘市华北石油局水电厂,,华北油田水电工程处矿建一队，办公室地址位于石油化工基地和北方重要陆海交通枢纽沧州，河北省沧州市任丘市华北石油局水电厂，我单位主要提供水塔，烟囱，装饰,723704-362 未核实，仅供参考,,,,让卖家联系我,62552,华北油田水电工程处矿建一队,华北油田水电工程处矿建一队,水塔，烟囱，装饰,未知,,,在业,,,,,天然原油和天然气开采,
华北油田运输玻璃纤维制品厂, 玻璃纤维成品,地址： 华北石油运输公司,9(万元) (万元),欢迎来到华北油田运输玻璃纤维制品厂，一家自起就在石油化工基地和北方重要陆海交通枢纽沧州扎根的天然原油和天然气开采制造业企业。坐落于华北石油运输公司，我们以玻璃纤维成品为核心业务，注册资本达9(万元)，成立以来，华北油田运输玻璃纤维制品我工厂不仅积累了丰富的制造和设计经验，还建立了一个以质量和创新为驱动的企业文化。 致力于将先进的制造技术和严格的质量控制标准应用到每一个产品之中。,0317-2727783 未核实，仅供参考,,,,让卖家联系我,62552,华北油田运输玻璃纤维制品厂,华北油田运输玻璃纤维制品,玻璃纤维成品,未知,,,在业,,,,,天然原油和天然气开采,
大港油田沧县港狮福利液化气充装站, 加工、销售石油液化气、气罐、炉具,地址： 河北省沧州市沧县旧州镇港狮生活基地,,大港油田沧县港狮福利液化气充装站，办公室地址位于石油化工基地和北方重要陆海交通枢纽沧州，河北省沧州市沧县旧州镇港狮生活基地，我单位主要提供加工、销售石油液化气、气罐、炉具,(0317) 未核实，仅供参考,,,,让卖家联系我,61024,大港油田沧县港狮福利液化气充装站,港狮福利液化气充装站,加工、销售石油液化气、气罐、炉具,未知,,,在业,,,,,天然原油和天然气开采,
华北油田工程公司综合队, 混凝土制件，土建安装，维修,河北省沧州市任丘市第一采油厂工程大队,,华北油田工程公司综合队，办公室地址位于石油化工基地和北方重要陆海交通枢纽沧州，河北省沧州市任丘市第一采油厂工程大队，我公司主要提供混凝土制件，土建安装，维修,(0317) 未核实，仅供参考,,,,让卖家联系我,62552,华北油田工程公司综合队,华北油田工程公司综合队,混凝土制件，土建安装，维修,未知,,,在业,,,,,天然原油和天然气开采,
华北石油管理局油田化学药剂厂, 石油及天然气等加工,地址： 河北省沧州市任丘市北环路,5397(万元) (万元),欢迎来到华北石油管理局油田化学药剂厂，一家自1991年07月26日起就在石油化工基地和北方重要陆海交通枢纽沧州扎根的天然原油和天然气开采制造业企业。坐落于河北省沧州市任丘市北环路，我们以石油及天然气等加工为核心业务，注册资本达5397(万元)，成立以来，华北石油管理局油田化学药剂已有33年的发展历程。我工厂不仅积累了丰富的制造和设计经验，还建立了一个以质量和创新为驱动的企业文化。 带领着一支由和经验丰富的2076名工程师组成的团队，致力于将先进的制造技术和严格的质量控制标准应用到每一个产品之中。,0317-2735158 未核实，仅供参考,,,,让卖家联系我,62552,华北石油管理局油田化学药剂厂,华北石油管理局油田化学药剂,石油及天然气等加工,未知,,,在业,,1991年7月26日,2076人,,天然原油和天然气开采,
河北省汽车工业贸易总公司华北油田分公司, 汽车，摩托车，零件,河北省沧州市任丘市华北石油管理局器材供应处,,河北省汽车工业贸易总公司华北油田分公司，办公室地址位于石油化工基地和北方重要陆海交通枢纽沧州，河北省沧州市任丘市华北石油管理局器材供应处，我公司主要提供汽车，摩托车，零件,(0317) 未核实，仅供参考,,,,让卖家联系我,62552,河北省汽车工业贸易总公司华北油田分公司,汽车工业,汽车，摩托车，零件,未知,,,在业,,,,,天然原油和天然气开采,
华北石油管理局第二油田建设公司综合商店综合服务部, 文体，家电维修,河北省沧州市任丘市华北石油管理局第二油田建设公司,,华北石油管理局第二油田建设公司综合商店综合服务部，办公室地址位于石油化工基地和北方重要陆海交通枢纽沧州，河北省沧州市任丘市华北石油管理局第二油田建设公司，我公司主要提供文体，家电维修,(0317) 未核实，仅供参考,,,,让卖家联系我,62552,华北石油管理局第二油田建设公司综合商店综合服务部,华北石油管理局第二油田建设公司综合商店综合,文体，家电维修,未知,,,在业,,,,,天然原油和天然气开采,
河北省冀中油田商业综合采购供应站华北石油购物中心, 百货，文体用品，服装鞋帽，劳保用品，五金交电，针织品，化工装饰材料，夹注材料，烟酒糖茶，食品，副食，...,地址： 会战道,5000(万元) (万元),河北省冀中油田商业综合采购供应站华北石油购物中心，办公室地址位于石油化工基地和北方重要陆海交通枢纽沧州，会战道，我单位主要提供百货，文体用品，服装鞋帽，劳保用品，五金交电，针织品，化工装饰材料，夹注材料，烟酒糖茶，食品，副食，土产杂品。工艺美术，照相，摄相器材，冷热饮品，钟表修理，家具，通讯器材无线电台音像制品，金银饰品,0317-2727039 未核实，仅供参考,,,,让卖家联系我,62550,河北省冀中油田商业综合采购供应站华北石油购物中心,冀中油田商业综合采购供应站华北石油购物中心,百货，文体用品，服装鞋帽，劳保用品，五金交电，针织品，化工装饰材料，夹注材料，烟酒糖茶，食品，副食，土产杂品。工艺美术，照相，摄相器材，冷热饮品，钟表修理，家具，通讯器材无线电台音像制品，金银饰品,未知,,,在业,,1999年4月6日,380人,,天然原油和天然气开采,
华北石油油田化学技术服务有限公司, 油田水井酸化，堵水，调剂,河北省沧州市任丘市会战南道东侧,50(万元) (万元),华北石油油田化学技术服务有限公司，办公室地址位于石油化工基地和北方重要陆海交通枢纽沧州，河北省沧州市任丘市会战南道东侧，我公司主要提供油田水井酸化，堵水，调剂,(0317)2729955 未核实，仅供参考,,,,让卖家联系我,62550,华北石油油田化学技术服务有限公司,华北石油油田化学技术服务,油田水井酸化，堵水，调剂,未知,,,在业,,1998年2月24日,5人,,天然原油和天然气开采,
华北油田安保技术开发有限公司, 电子仪器，机电配件，环保器具，化工材料，节能增效材料器件，工业控制仪器仪表，工业报警器材开发销售，安...,华北石油管理局机关院内 - ,50(万元) (万元),华北油田安保技术开发有限公司，办公室地址位于石油化工基地和北方重要陆海交通枢纽沧州，华北石油管理局机关院内，我公司主要提供电子仪器，机电配件，环保器具，化工材料，节能增效材料器件，工业控制仪器仪表，工业报警器材开发销售，安装维修和技术服务,0317-2797253 未核实，仅供参考,,,,让卖家联系我,62552,华北油田安保技术开发有限公司,华北油田安保技术开发,电子仪器，机电配件，环保器具，化工材料，节能增效材料器件，工业控制仪器仪表，工业报警器材开发销售，安装维修和技术服务,未知,,,在业,,,,,天然原油和天然气开采,
华北油田恒克石油工具有限公司, 石油钻井工具，井下作业工具，菜油配件生产加工。销售进口国产石油机械产品，五金工具，工程机械，汽车配件,华油干休所 - ,120(万元) (万元),华北油田恒克石油工具有限公司，办公室地址位于石油化工基地和北方重要陆海交通枢纽沧州，华油干休所，我公司主要提供石油钻井工具，井下作业工具，菜油配件生产加工。销售进口国产石油机械产品，五金工具，工程机械，汽车配件,0317-2724286 未核实，仅供参考,,,,让卖家联系我,62550,华北油田恒克石油工具有限公司,华北油田恒克石油工具,石油钻井工具，井下作业工具，菜油配件生产加工。销售进口国产石油机械产品，五金工具，工程机械，汽车配件,未知,,,在业,,2000年9月25日,10人,,天然原油和天然气开采,
大港油田采油三厂生活服务公司综合商店, 未提供,河北省沧州市沧县旧州镇北关 - ,,大港油田采油三厂生活服务公司综合商店，办公室地址位于石油化工基地和北方重要陆海交通枢纽沧州，河北省沧州市沧县旧州镇北关,(0317)5941384 未核实，仅供参考,,,,让卖家联系我,61023,大港油田采油三厂生活服务公司综合商店,大港油田采油三,,未知,,,在业,,,,,天然原油和天然气开采,
任丘市华北油田天雁建筑安装有限责任公司, 房屋建筑工程，建筑装饰装修工程，防腐保温工程、化工石油设备管道安装工程,渤海中路 - ,1190(万元) (万元),任丘市华北油田天雁建筑安装有限责任公司，办公室地址位于石油化工基地和北方重要陆海交通枢纽沧州，渤海中路，我公司主要提供房屋建筑工程，建筑装饰装修工程，防腐保温工程、化工石油设备管道安装工程,0317-2715504 未核实，仅供参考,,,,让卖家联系我,62552,任丘市华北油田天雁建筑安装有限责任公司,华北油田天雁建筑安装,房屋建筑工程，建筑装饰装修工程，防腐保温工程、化工石油设备管道安装工程,未知,,,在业,,2002年11月9日,1097人,,天然原油和天然气开采,
任丘市华北石油金诺油田服务有限公司, 油田钻采技术开发、计算机软件开发；油田专用设备器材及配件、金属、有色金属、机电化工产品、橡胶制品、五...,世纪商贸城１区２栋５号 - ,200(万元) (万元),任丘市华北石油金诺油田服务有限公司，办公室地址位于石油化工基地和北方重要陆海交通枢纽沧州，世纪商贸城１区２栋５号，我公司主要提供油田钻采技术开发、计算机软件开发；油田专用设备器材及配件、金属、有色金属、机电化工产品、橡胶制品、五金交电、现代办公用品销售；信息服务,0317-2298053 未核实，仅供参考,,,,让卖家联系我,62550,任丘市华北石油金诺油田服务有限公司,华北石油金诺油田服务,油田钻采技术开发、计算机软件开发；油田专用设备器材及配件、金属、有色金属、机电化工产品、橡胶制品、五金交电、现代办公用品销售；信息服务,未知,,,在业,,2002年9月3日,10人,,天然原油和天然气开采,
沧州新兴无缝钢管有限公司, 石油套管、油管、石油专用管、钻孔筛管、缠绕丝筛管、无缝、直缝、螺旋钢管等,沧盐路姜庄路段 - ,2000 (万元),,,,,,,,,,,,,,,,,,,,
?? ?? 沧州新兴无缝钢管有限公司创建于1996年，占地面积120000平方米，坐落于河北孟村县境内辛大路口与沧乐公路交汇处，地理位置优越，交通便利。我公司是专业生产各种型号的石油套管、无缝钢管、异型管、直缝管、螺旋管以及各类材质多种型号的弯头管件的生产企业。固定资产3000万元，拥有全套高性能的管材改制及管件生产设备和各种产品质量检测设备，年产能力约15000吨。并可为用户代销、联合销售、调剂挤压的各种无缝管。自建厂以来就本着以诚为本，以信为首的宗旨赢得了广大客户的。,,,,,,,,,,,,,,,,,,,,,,,
?? 主要生产外径为73mm-159mm，壁厚为5mm-10mm的无缝钢管，材质为J55 N80 P110 16Mn等。产品执行GB/T8162、GB/T8163 ??GB/T9711.1 ??GB/T9711.2等国内外新标准。2008年起我公司新扩建厂房，采购新设备，引进新技术，这条生产线主要生产加工外径为60mm-508mm，壁厚为4.83mm-16.13mm的成品石油套管，执行J55 N80 P110 等材质，产品严格执行API5CT标准。产品广泛用于石油、化工、机械等行业，并充分利用自营出口权优势，打入国际市场。现已出口美国、英国、意大利、韩国等国家和地区。由于我公司严格执行ISO9001-2008及API质量管理体系，从原料采购、合同评审、进货检验、工序控制、终检验到储运及服务均实行规范化操作，确保了钢管出厂合格率达到。沧州新兴无缝钢管本着&ldquo;守法、守信、创新、创誉&rdquo;的经营战略个&ldquo;造精品必先造人品&rdquo;的管理理念，凭着我公司的技术、管理和人才的三大优势，携诚为国内外客户提供、满意的产品和服务。我公司邮箱：www.czxxwfg@126.com网址 ：http：//www.czxxwfg.cn.alibaba.com联系人：15612729900?? ??马,,,,,,,,,,,,,,,,,,,,,,,
传真：0317-6811767,,,,,,,,,,,,,,,,,,,,,,,
?? ?? ,,,,,,,,,,,,,,,,,,,,,,,
?? ??,(0317) 未核实，仅供参考,,15612729900 未核实，仅供参考，删除号码,info@czxxwfg.com,让卖家联系我,61400,沧州新兴无缝钢管有限公司,新兴无缝钢管,石油套管、油管、石油专用管、钻孔筛管、缠绕丝筛管、无缝、直缝、螺旋钢管等,扩管；保温管件、管材、石油管、石油套管的加工销售。,1.31E+14,孟村回族自治县工商行政管理局,存续,生产加工,2001年8月10日,50人,http://www.czxxwfg.c,天然原油和天然气开采,有限责任公司(自然人投资或控股),,,,
任丘市华北油田凌云科技开发有限公司, 石油地质及油气勘探开发技术服务；计算机硬件销售、软件技术开发。,燕山道 - ,50(万元) (万元),任丘市华北油田凌云科技开发有限公司，办公室地址位于石油化工基地和北方重要陆海交通枢纽沧州，燕山道，我公司主要提供石油地质及油气勘探开发技术服务；计算机硬件销售、软件技术开发。,0317-2752212 未核实，仅供参考,,,,让卖家联系我,62552,任丘市华北油田凌云科技开发有限公司,华北油田凌云,石油地质及油气勘探开发技术服务；计算机硬件销售、软件技术开发。,未知,,,在业,,,,,天然原油和天然气开采,
河北大港企业集团驻大港油田办事处, 失水剂，石油化学剂，石油制品，汽油，柴油，橡胶制品，钢材,地址： 河北省沧州市黄骅市南大港农场,,河北大港企业集团驻大港油田办事处，办公室地址位于石油化工基地和北方重要陆海交通枢纽沧州，河北省沧州市黄骅市南大港农场，我单位主要提供失水剂，石油化学剂，石油制品，汽油，柴油，橡胶制品，钢材,(0317) 未核实，仅供参考,,,,让卖家联系我,61103,河北大港企业集团驻大港油田办事处,大港企业集团驻大港油田办事处,失水剂，石油化学剂，石油制品，汽油，柴油，橡胶制品，钢材,未知,,,在业,,,,,天然原油和天然气开采,
华北油田水电工程处矿建二队, 水塔，烟囱，家俱,地址： 河北省沧州市任丘市华北石油水电厂,,华北油田水电工程处矿建二队，办公室地址位于石油化工基地和北方重要陆海交通枢纽沧州，河北省沧州市任丘市华北石油水电厂，我单位主要提供水塔，烟囱，家俱,(0317)723704转362 未核实，仅供参考,,,,让卖家联系我,62552,华北油田水电工程处矿建二队,华北油田水电工程处矿建二队,水塔，烟囱，家俱,未知,,,在业,,,,,天然原油和天然气开采,
华北油田景业总公司射孔测试工程技术处, 射孔、测试测井工艺,华油井下物理站 - ,30(万元) (万元),华北油田景业总公司射孔测试工程技术处，办公室地址位于石油化工基地和北方重要陆海交通枢纽沧州，华油井下物理站，我公司主要提供射孔、测试测井工艺,0317-2732249 未核实，仅供参考,,,,让卖家联系我,62552,华北油田景业总公司射孔测试工程技术处,华北油田景业总公司射孔测试工程技术处,射孔、测试测井工艺,未知,,,在业,,1994年5月12日,170人,,天然原油和天然气开采,
华北油田工程公司轧胶厂, 橡胶件加工,河北省沧州市任丘市采油一厂对面,14(万元) (万元),欢迎来到华北油田工程公司轧胶厂，一家自1985年01月01日起就在石油化工基地和北方重要陆海交通枢纽沧州扎根的天然原油和天然气开采制造业企业。坐落于河北省沧州市任丘市采油一厂对面，我们以橡胶件加工为核心业务，注册资本达14(万元)，成立以来，华北油田工程公司轧胶已有39年的发展历程。我公司不仅积累了丰富的制造和设计经验，还建立了一个以质量和创新为驱动的企业文化。 带领着一支由和经验丰富的1名工程师组成的团队，致力于将先进的制造技术和严格的质量控制标准应用到每一个产品之中。,(0317)2722279 未核实，仅供参考,,,,让卖家联系我,62552,华北油田工程公司轧胶厂,华北油田工程公司轧胶,橡胶件加工,未知,,,在业,,1985年1月1日,1人,,天然原油和天然气开采,
大港油田集团中兴石油技术服务中心, 修井技术服务，复杂井及四类井技术服务,地址： 河北省沧州市黄骅市港骅矿区第二修井分公司,成立时间：1998-02-04,大港油田集团中兴石油技术服务中心，办公室地址位于石油化工基地和北方重要陆海交通枢纽沧州，河北省沧州市黄骅市港骅矿区第二修井分公司，我单位主要提供修井技术服务，复杂井及四类井技术服务,(0317)25946501 未核实，仅供参考,,,,让卖家联系我,61103,大港油田集团中兴石油技术服务中心,大港油田集团中兴石油技术服务中心,修井技术服务，复杂井及四类井技术服务,未知,,,在业,,1998年2月4日,,,天然原油和天然气开采,
大港油田港狮房产公司建材经营部, 销售建筑材料、五金、电料,地址： 河北省沧州市沧县旧州镇采油三厂,,大港油田港狮房产公司建材经营部，办公室地址位于石油化工基地和北方重要陆海交通枢纽沧州，河北省沧州市沧县旧州镇采油三厂，我经营部主要提供销售建筑材料、五金、电料,(0317)022－25942506 未核实，仅供参考,,,,让卖家联系我,61023,大港油田港狮房产公司建材经营部,大港油田港狮房产公司建材经营部,销售建筑材料、五金、电料,未知,,,在业,,,,,天然原油和天然气开采,
大港油田集团有限责任公司港狮生活服务公司, 供暖、供水、供电、供气、托幼等服务业管理,河北省沧州市沧县旧州镇采油三厂,,大港油田集团有限责任公司港狮生活服务公司，办公室地址位于石油化工基地和北方重要陆海交通枢纽沧州，河北省沧州市沧县旧州镇采油三厂，我公司主要提供供暖、供水、供电、供气、托幼等服务业管理,(0317)0225941552 未核实，仅供参考,,,,让卖家联系我,61023,大港油田集团有限责任公司港狮生活服务公司,大港油田集团,供暖、供水、供电、供气、托幼等服务业管理,未知,,,在业,,,,,天然原油和天然气开采,
华北油田景业总公司, 化工产品，建材，机械加工，金属木器，电器电料，塑料，百货，粮油食品，钢材,华北石油井下大院 - ,580(万元) (万元),华北油田景业总公司，办公室地址位于石油化工基地和北方重要陆海交通枢纽沧州，华北石油井下大院，我公司主要提供化工产品，建材，机械加工，金属木器，电器电料，塑料，百货，粮油食品，钢材,0317-2732825 未核实，仅供参考,,,,让卖家联系我,62552,华北油田景业总公司,华北油田景业总公司,化工产品，建材，机械加工，金属木器，电器电料，塑料，百货，粮油食品，钢材,未知,,,在业,,,,,天然原油和天然气开采,
大港油田沧州正泰工贸有限公司维修处, 维修线路管线、维修房屋,河北省沧州市沧县旧州镇采油三厂,,大港油田沧州正泰工贸有限公司维修处，办公室地址位于石油化工基地和北方重要陆海交通枢纽沧州，河北省沧州市沧县旧州镇采油三厂，我公司主要提供维修线路管线、维修房屋,(0317) 未核实，仅供参考,,,,让卖家联系我,61023,大港油田沧州正泰工贸有限公司维修处,大港油田沧州正泰工贸,维修线路管线、维修房屋,未知,,,在业,,,,,天然原油和天然气开采,
华北油田环卫设备厂采油小区综合服务部, 住宿 房屋租赁,地址： 河北省沧州市任丘市华油第十一处院内,10(万元) (万元),华北油田环卫设备厂采油小区综合服务部，办公室地址位于石油化工基地和北方重要陆海交通枢纽沧州，河北省沧州市任丘市华油第十一处院内，我工厂主要提供住宿 房屋租赁,0317-2729867 未核实，仅供参考,,,,让卖家联系我,62552,华北油田环卫设备厂采油小区综合服务部,华北油田环卫设备,住宿 房屋租赁,未知,,,在业,,1999年8月10日,10人,,天然原油和天然气开采,
河北省拍卖行华北油田分行, 动产，不动产,地址： 河北省沧州市任丘市华北石油管理局河北省拍卖行华北,,河北省拍卖行华北油田分行，办公室地址位于石油化工基地和北方重要陆海交通枢纽沧州，河北省沧州市任丘市华北石油管理局河北省拍卖行华北油田分行，我单位主要提供动产，不动产,(0317) 未核实，仅供参考,,,,让卖家联系我,62552,河北省拍卖行华北油田分行,拍卖行华北油田分行,动产，不动产,未知,,,在业,,,,,天然原油和天然气开采,
大港油田集团物资供销公司港狮分公司, 钢材、有色金属、柴油、汽油,河北省沧州市沧县旧州镇采油三厂基地,,大港油田集团物资供销公司港狮分公司，办公室地址位于石油化工基地和北方重要陆海交通枢纽沧州，河北省沧州市沧县旧州镇采油三厂基地，我公司主要提供钢材、有色金属、柴油、汽油,(0317)0225942429 未核实，仅供参考,,,,让卖家联系我,61023,大港油田集团物资供销公司港狮分公司,大港油田集团物资供销公司港狮分公司,钢材、有色金属、柴油、汽油,未知,,,在业,,,,,天然原油和天然气开采,
华北油田大地技术服务有限公司, 钻井采油工具配件，工程机械配件，化工产品，现代办公用品，电力通讯配件，钻井秀井即使服务,华北石油钻井公司二区 - ,成立时间：1999-06-15,华北油田大地技术服务有限公司，办公室地址位于石油化工基地和北方重要陆海交通枢纽沧州，华北石油钻井公司二区，我公司主要提供钻井采油工具配件，工程机械配件，化工产品，现代办公用品，电力通讯配件，钻井秀井即使服务,0317-2791078 未核实，仅供参考,,,,让卖家联系我,62552,华北油田大地技术服务有限公司,华北油田大地技术服务,钻井采油工具配件，工程机械配件，化工产品，现代办公用品，电力通讯配件，钻井秀井即使服务,未知,,,在业,,1999年6月15日,5人,,天然原油和天然气开采,
大港油田采油三厂工程技术大队科研技术服务部, 技术服务，技术咨询。,地址： 河北省沧州市沧县旧州镇东关村,,大港油田采油三厂工程技术大队科研技术服务部，办公室地址位于石油化工基地和北方重要陆海交通枢纽沧州，河北省沧州市沧县旧州镇东关村，我工厂主要提供技术服务，技术咨询。,(0317)02227―42266 未核实，仅供参考,,,,让卖家联系我,61023,大港油田采油三厂工程技术大队科研技术服务部,大港油田采油三,技术服务，技术咨询。,未知,,,在业,,,,,天然原油和天然气开采,
